Ciudad,Pais
"San Juliá",Andorra
Andorre-la-vieille,Andorra
"La Massana",Andorra
Soldeu,Andorra
Certers,Andorra
Erts,Andorra
Ransol,Andorra
Llorts,Andorra
Arinsal,Andorra
"Pas De La Casa",Andorra
"Santa Coloma",Andorra
Sornàs,Andorra
Escàs,Andorra
Andorre,Andorra
Fontaneda,Andorra
"Mas D'alins",Andorra
Encamp,Andorra
Arans,Andorra
"El Serrat",Andorra
Meritxell,Andorra
"Abu Dhabi","United Arab Emirates"
Jumaira,"United Arab Emirates"
"Abu Dabi","United Arab Emirates"
Fujayrah,"United Arab Emirates"
Hili,"United Arab Emirates"
Khaimah,"United Arab Emirates"
Dibai,"United Arab Emirates"
"Al Khari","United Arab Emirates"
"Al Satwa","United Arab Emirates"
Ruwais,"United Arab Emirates"
"Khor Fakkan","United Arab Emirates"
"Al Khaznah","United Arab Emirates"
"Umm Al Qaiwain","United Arab Emirates"
"Al Odeid","United Arab Emirates"
Khan,"United Arab Emirates"
Jimeirah,"United Arab Emirates"
Shariyah,"United Arab Emirates"
Rashdia,"United Arab Emirates"
Warisan,"United Arab Emirates"
Shauka,"United Arab Emirates"
Khost,Afghanistan
Carikar,Afghanistan
Sharan,Afghanistan
Alam,Afghanistan
Herat,Afghanistan
"Payarow Kheyl",Afghanistan
Kunduz,Afghanistan
Gardez,Afghanistan
Qalat,Afghanistan
Kabuli,Afghanistan
Sarobi,Afghanistan
Qandahar,Afghanistan
Main,Afghanistan
Bagram,Afghanistan
Balkh,Afghanistan
Kunar,Afghanistan
Kaboul,Afghanistan
Jelalabad,Afghanistan
Iran,Afghanistan
Kabul,Afghanistan
"English Harbour Town","Antigua and Barbuda"
"Saint Philips","Antigua and Barbuda"
"Fitches Creek","Antigua and Barbuda"
"Old Road","Antigua and Barbuda"
"Barnes Hill Village","Antigua and Barbuda"
"Cassada Gardens","Antigua and Barbuda"
Bendals,"Antigua and Barbuda"
"New Winthorpes","Antigua and Barbuda"
Liberta,"Antigua and Barbuda"
Freetown,"Antigua and Barbuda"
"Potters Village","Antigua and Barbuda"
"Golden Grove","Antigua and Barbuda"
Codrington,"Antigua and Barbuda"
Gambles,"Antigua and Barbuda"
"John Hughes","Antigua and Barbuda"
"Boland Village","Antigua and Barbuda"
Jennings,"Antigua and Barbuda"
Seatons,"Antigua and Barbuda"
Bolans,"Antigua and Barbuda"
"Grays Hill","Antigua and Barbuda"
"Island Harbour",Anguilla
"Rey Hill",Anguilla
"South Hill Village",Anguilla
"The Valley",Anguilla
"The Farrington",Anguilla
"Stoney Ground",Anguilla
"Junks Hole",Anguilla
Valley,Anguilla
"Long Path",Anguilla
"The Forest",Anguilla
Welches,Anguilla
"George Hill",Anguilla
"North Side",Anguilla
"East End",Anguilla
"Lower South Hill",Anguilla
"Little Dix",Anguilla
"Sandy Ground Village",Anguilla
"Cauls Bottom",Anguilla
"The Quarter",Anguilla
Vlora,Albania
Shabani,Albania
Morina,Albania
Selca,Albania
Lezhë,Albania
Cërrik,Albania
Kosova,Albania
Shëngjin,Albania
Bajram,Albania
Poliçan,Albania
Kuçova,Albania
Gërman,Albania
Peca,Albania
Këneta,Albania
Agim,Albania
Arta,Albania
Burrel,Albania
Skënderbej,Albania
Krasniqi,Albania
Manëz,Albania
Noratus,Armenia
Goris,Armenia
Erewan,Armenia
Azat,Armenia
Nor-norka,Armenia
Aygestan,Armenia
Revan,Armenia
Koghb,Armenia
Avshar,Armenia
Shenavan,Armenia
Jrvezh,Armenia
Elar,Armenia
Abovyan,Armenia
Hrazdan,Armenia
Geghi,Armenia
Proshyan,Armenia
Zar,Armenia
Armavir,Armenia
Amasia,Armenia
Echmiadzin,Armenia
"Waku Kungo",Angola
Cabinda,Angola
Dundo,Angola
Kuito,Angola
Gabela,Angola
Saurimo,Angola
"Porto Amboim",Angola
Benfica,Angola
Benguela,Angola
Namibe,Angola
Catete,Angola
Goma,Angola
Malanje,Angola
Catumbela,Angola
Ambriz,Angola
Maianga,Angola
Soyo,Angola
Belas,Angola
Mundo,Angola
Viana,Angola
Calchaquí,Argentina
Liniers,Argentina
Bowen,Argentina
"Villa C. Colón",Argentina
Saldán,Argentina
"Marcelo Torcuato De Alvear",Argentina
"Villa Cañás",Argentina
Chumbicha,Argentina
"Río Piedras",Argentina
Ingas,Argentina
Salsipuedes,Argentina
"Pueblo Libertador",Argentina
Goldey,Argentina
Gramilla,Argentina
Puiggari,Argentina
"Pozo Del Molle",Argentina
Lunlunta,Argentina
Rawson,Argentina
Casalegno,Argentina
Cafferata,Argentina
"Pago Pago","American Samoa"
Haugsdorf,Austria
Vorwerk,Austria
Aspet,Austria
Drulling,Austria
"Langegg Bei Graz",Austria
Steinriegl,Austria
Schelchengraben,Austria
"Strass Im Strassertale",Austria
Weisland,Austria
Stuppach,Austria
Trabenig,Austria
Lans,Austria
Stützenhofen,Austria
Vornholz,Austria
"Sankt Radegund Bei Graz",Austria
"Oberndorf In Tirol",Austria
Raabau,Austria
Rekawinkel,Austria
Celovec,Austria
Wendling,Austria
Wyalkatchem,Australia
Claremont,Australia
Bombala,Australia
Crawford,Australia
Corinthian,Australia
"Flaggy Creek",Australia
Wurruk,Australia
Bringalbert,Australia
Darlinghurst,Australia
"Newcastle Waters",Australia
Toowoong,Australia
"Little Burleigh",Australia
Randwick,Australia
Echunga,Australia
Townsville,Australia
Deepdene,Australia
"Bellenden Ker",Australia
Strzelecki,Australia
Nillahcootie,Australia
"Lake Clarendon",Australia
"San Fuego",Aruba
Sabaneta,Aruba
Ponton,Aruba
Westpunt,Aruba
Noord,Aruba
"Ceru Colorado",Aruba
"Noord Cura Cabai",Aruba
Wayaca,Aruba
"Largo Cadushi",Aruba
"Simeon Antonio",Aruba
Oranjestad,Aruba
Morgenster,Aruba
Catiri,Aruba
Balashi,Aruba
"Pos Abao",Aruba
Playa,Aruba
Primavera,Aruba
Angochi,Aruba
"Sabana Basora",Aruba
"Piedra Plat",Aruba
Storby,"Aland Islands"
Sanda,"Aland Islands"
Ollas,"Aland Islands"
Haraldsby,"Aland Islands"
Rangsby,"Aland Islands"
Korsö,"Aland Islands"
Enklinge,"Aland Islands"
Vålö,"Aland Islands"
Söderholm,"Aland Islands"
Västanträsk,"Aland Islands"
Mariehamn,"Aland Islands"
Vargata,"Aland Islands"
Kyrkoby,"Aland Islands"
Smedsby,"Aland Islands"
Hjortö,"Aland Islands"
Lillbolstad,"Aland Islands"
Föglö,"Aland Islands"
Maarianhamina,"Aland Islands"
Svartsmara,"Aland Islands"
Jomalaby,"Aland Islands"
Nakhjavan,Azerbaijan
Sheki,Azerbaijan
Bideiz,Azerbaijan
Geokchay,Azerbaijan
Nizami,Azerbaijan
Ismailli,Azerbaijan
Fizuli,Azerbaijan
Novxani,Azerbaijan
Bilasuvar,Azerbaijan
Jälilabad,Azerbaijan
Naxcivan,Azerbaijan
Ganca,Azerbaijan
Baki,Azerbaijan
Lenkoran',Azerbaijan
Qobu,Azerbaijan
Sirvan,Azerbaijan
Quba,Azerbaijan
Mirza-kasum-kend,Azerbaijan
Xirdalan,Azerbaijan
Göyçay,Azerbaijan
"Srednji Dubovik","Bosnia and Herzegovina"
Stogulje,"Bosnia and Herzegovina"
Hodorovici,"Bosnia and Herzegovina"
Lepenica,"Bosnia and Herzegovina"
Porebrice,"Bosnia and Herzegovina"
Otoka,"Bosnia and Herzegovina"
Music,"Bosnia and Herzegovina"
Mastikosa,"Bosnia and Herzegovina"
Svinjaca,"Bosnia and Herzegovina"
"Maricin Breg","Bosnia and Herzegovina"
Jelah,"Bosnia and Herzegovina"
"Donje Papratno","Bosnia and Herzegovina"
"Careva Cuprija","Bosnia and Herzegovina"
Bijakovici,"Bosnia and Herzegovina"
Pogledevo,"Bosnia and Herzegovina"
Prozor,"Bosnia and Herzegovina"
Stupari,"Bosnia and Herzegovina"
Kotor-varos,"Bosnia and Herzegovina"
Knezica,"Bosnia and Herzegovina"
Kolonija,"Bosnia and Herzegovina"
Bridgefield,Barbados
Durants,Barbados
Clermont,Barbados
"Top Rock",Barbados
Speightstown,Barbados
"Friendship Terrace",Barbados
Dover,Barbados
Westmoreland,Barbados
Vauxhall,Barbados
Mount,Barbados
Weston,Barbados
Kingsland,Barbados
Yorkshire,Barbados
"Green Hill",Barbados
"Prior Park",Barbados
Greenland,Barbados
Warners,Barbados
Maynards,Barbados
"Eden Lodge",Barbados
Stepney,Barbados
Madaripur,Bangladesh
Nawabganj,Bangladesh
Chikdair,Bangladesh
Kushtia,Bangladesh
Khulna,Bangladesh
Molla,Bangladesh
Feni,Bangladesh
Sonargaon,Bangladesh
Nuhalkalupara,Bangladesh
Takerhat,Bangladesh
Jamalpur,Bangladesh
Palang,Bangladesh
Dial,Bangladesh
Narayanganj,Bangladesh
Gopalganj,Bangladesh
Tungi,Bangladesh
Nagar,Bangladesh
Sirajganj,Bangladesh
Baikari,Bangladesh
Sylhet,Bangladesh
Munsterbilzen,Belgium
Cheratte,Belgium
Sclage,Belgium
Weerde,Belgium
Calbour,Belgium
Heidelberg,Belgium
"Gulde Delle",Belgium
Gierle,Belgium
Klyte,Belgium
Helchin,Belgium
Opvelp,Belgium
Froidmont,Belgium
Petigny,Belgium
Landskouter,Belgium
Auvelais,Belgium
Meensel-kiezegem,Belgium
Fagne,Belgium
Rebaix,Belgium
Muizen,Belgium
Herquegies,Belgium
Vi,"Burkina Faso"
"Fada N'gourma","Burkina Faso"
Pouytenga,"Burkina Faso"
Dori,"Burkina Faso"
Kalsé,"Burkina Faso"
Zorgo,"Burkina Faso"
Koudougou,"Burkina Faso"
Banfora,"Burkina Faso"
Ouagadougou,"Burkina Faso"
Ouagadouga,"Burkina Faso"
Dédougou,"Burkina Faso"
"Bobo Dioulasso","Burkina Faso"
Nanoro,"Burkina Faso"
Yako,"Burkina Faso"
Ziniaré,"Burkina Faso"
Tounouma,"Burkina Faso"
Tougan,"Burkina Faso"
Ouahigouya,"Burkina Faso"
Giuller,Bulgaria
Voden,Bulgaria
Apriltzi,Bulgaria
Belica,Bulgaria
Krasech,Bulgaria
Dyankovo,Bulgaria
"Cherven Bryag",Bulgaria
Ahtopol,Bulgaria
Newestino,Bulgaria
Nenovo,Bulgaria
Brestak,Bulgaria
Gabrovo,Bulgaria
Murgash,Bulgaria
"Nowo Selo",Bulgaria
Buta,Bulgaria
Bojurishe,Bulgaria
Matsa,Bulgaria
Lozarevo,Bulgaria
Svidnya,Bulgaria
"Graf Ignatiev",Bulgaria
Budaia,Bahrain
"Jid Hafs",Bahrain
Mahazzah,Bahrain
"Madinat Hamad",Bahrain
"Al Markh",Bahrain
Zinj,Bahrain
"Al Muharraq",Bahrain
Jannusan,Bahrain
"Bani Jamrah",Bahrain
Budaiya,Bahrain
Hajar,Bahrain
Nuwaidrat,Bahrain
"Al Hidd",Bahrain
Jaw,Bahrain
"Al Janabiyah",Bahrain
Mani,Bahrain
Qalali,Bahrain
Isa,Bahrain
Kawarah,Bahrain
Sanad,Bahrain
Shatanya,Burundi
Bujumbura,Burundi
Nyakabiga,Burundi
Ngagara,Burundi
Kétonou,Benin
Cococodji,Benin
Abomey-calavi,Benin
Sèmè,Benin
Lokossa,Benin
Zougodo,Benin
Godomey,Benin
Allada,Benin
Bohicon,Benin
Kpérérou,Benin
Ouidah,Benin
Cocodji,Benin
Facinahoué,Benin
Natitingou,Benin
Cocotomey,Benin
Parakou,Benin
Porto-novo,Benin
Cotonou,Benin
"Grand Cul-de-sac","Saint Barthelemy"
"Cashew City",Bermuda
Hamilton,Bermuda
Sunnyside,Bermuda
"Warwick Camp",Bermuda
"Tucker's Town",Bermuda
"North Shore Village",Bermuda
"Saint Georges",Bermuda
"Saint George",Bermuda
"Flatt's Village",Bermuda
Somerset,Bermuda
Camden,Bermuda
"Harrington Hundreds",Bermuda
"Mount Pleasant",Bermuda
"Kampong Bebatek","Brunei Darussalam"
Temburong,"Brunei Darussalam"
"Kampong Batong","Brunei Darussalam"
"Kampong Perupok","Brunei Darussalam"
"Kampong Bukit Tambai","Brunei Darussalam"
"Kampong Batu Marang","Brunei Darussalam"
Brunei,"Brunei Darussalam"
"Kampong Beribi","Brunei Darussalam"
"Kampong Keluyoh","Brunei Darussalam"
"Kampong Panchuran","Brunei Darussalam"
"Kampong Pepara","Brunei Darussalam"
Binchaya,"Brunei Darussalam"
"Kampong Sungai Liang Kechil","Brunei Darussalam"
Rasau,"Brunei Darussalam"
Jerudong,"Brunei Darussalam"
"Kampong Nong Kelulau","Brunei Darussalam"
"Kampong Damuan","Brunei Darussalam"
"Kuala Balai","Brunei Darussalam"
Penanjong,"Brunei Darussalam"
"Brunei Town","Brunei Darussalam"
Caracas,Bolivia
Nohata,Bolivia
Cotoca,Bolivia
Andrés,Bolivia
Uyuni,Bolivia
Mairana,Bolivia
"Ciudad La Paz",Bolivia
"Ciudad Cochabamba",Bolivia
"San Ignacio",Bolivia
Cercado,Bolivia
Bermejo,Bolivia
Aroma,Bolivia
América,Bolivia
Camiri,Bolivia
Potosí,Bolivia
Caranavi,Bolivia
"Los Ángeles",Bolivia
Pando,Bolivia
Camargo,Bolivia
Sacaba,Bolivia
"Francisco Alves",Brazil
"Vargem Do Cedro",Brazil
Itiúba,Brazil
"Campo Alegre De Goiás",Brazil
Simões,Brazil
Tavares,Brazil
Igaraí,Brazil
"Bom Jesus Da Terra Preta",Brazil
Quissamã,Brazil
Sombrio,Brazil
Juramento,Brazil
Paiano,Brazil
Valério,Brazil
Itaguará,Brazil
Pains,Brazil
Jaguaripe,Brazil
Justinópolis,Brazil
Itaquaquicetuba,Brazil
Ibaiti,Brazil
Mutuípe,Brazil
"Lower Bogue",Bahamas
"High Rock",Bahamas
Bluff,Bahamas
"Spanish Wells Settlement",Bahamas
"Palmetto Point",Bahamas
"Great Guana Cay",Bahamas
Lucaya,Bahamas
"The Bluff",Bahamas
Georgetown,Bahamas
"Cable Beach",Bahamas
"Alice Town",Bahamas
"Hope Town",Bahamas
"Matthew Town",Bahamas
"Gregory Town",Bahamas
Waterford,Bahamas
Rolleville,Bahamas
Nassau,Bahamas
"Cockburn Town",Bahamas
"James Cistern",Bahamas
"Dunmore Town",Bahamas
Paro,Bhutan
Samdrup,Bhutan
Thimpu,Bhutan
Chhukha,Bhutan
Thimbu,Bhutan
Thimphu,Bhutan
Damphu,Bhutan
Phuntsholing,Bhutan
Mongar,Bhutan
Thimpago,Bhutan
Daga,Bhutan
Lobnig,Bhutan
Jakar,Bhutan
Bumthang,Bhutan
Gasa,Bhutan
Pemagatsel,Bhutan
Punakha,Bhutan
Raga,Bhutan
Daphu,Bhutan
"Samdrup Jongkhar",Bhutan
Thamaga,Botswana
Lokerane,Botswana
Francistown,Botswana
Shakawe,Botswana
Serowe,Botswana
Masunga,Botswana
Otse,Botswana
Mogoditshane,Botswana
Maun,Botswana
Palapye,Botswana
Leftka,Botswana
Mochudi,Botswana
Selebi,Botswana
Broadhurst,Botswana
Gabane,Botswana
Gweta,Botswana
Lobatse,Botswana
Phikwe,Botswana
Ghanzi,Botswana
Selibe-phikwe,Botswana
Mnogoversh,Belarus
Kosov,Belarus
Lada,Belarus
Chist,Belarus
Dyatlovo,Belarus
Kostsenevo,Belarus
Posad,Belarus
Alekseyeviche,Belarus
"Malyye Kolodezi",Belarus
Rahachow,Belarus
Saltanovka,Belarus
Ryzhkov,Belarus
Skidel,Belarus
"Korolëv Stan",Belarus
Shumilino,Belarus
Klichev,Belarus
Snytki,Belarus
Kalinina,Belarus
Sloboda,Belarus
Berdovichi,Belarus
Belice,Belize
"Dangriga Town",Belize
Pomona,Belize
Maskall,Belize
"Burrell Boom",Belize
"Stann Creek",Belize
Central,Belize
"Bermudian Landing",Belize
"Spanish Lookout",Belize
"Bob Eiley",Belize
Ladyville,Belize
Caledonia,Belize
"Caye Corker",Belize
"Punta Gorda",Belize
"San Ignacio",Belize
"Santa Elena",Belize
"San Pedro",Belize
Placencia,Belize
Belmopan,Belize
"Joe Wagner Boom",Belize
Welden,Canada
"Haley Station",Canada
"North Hatley",Canada
Dalhousie,Canada
Saint-jude,Canada
"Dipper Harbour",Canada
Dingwall,Canada
Candiac,Canada
"Lac Carre",Canada
"Sunset Prairie",Canada
Cedoux,Canada
"Iona Station",Canada
Plunkett,Canada
Saint-siméon,Canada
"Victoria Road",Canada
Foxford,Canada
Elmsvale,Canada
Gladmar,Canada
"La Croche",Canada
Laval,Canada
Site,Cong
Kinshasa,Cong
Kitenda,Cong
Beni,Cong
Banana,Cong
Lisala,Cong
Bunia,Cong
Kananga,Cong
Yaya,Cong
Mbuji-mayi,Cong
Kikwit,Cong
Maluku,Cong
Mwanza,Cong
Katuba,Cong
Binga,Cong
Bukavu,Cong
Boma,Cong
Bandundu,Cong
Isiro,Cong
Maniema,Cong
Bangui,"Central African Republic"
Bossangoa,"Central African Republic"
Gombé,Congo
Brazzaville,Congo
Pointe-noire,Congo
"Pointe Noire",Congo
Pokola,Congo
Gachnang,Switzerland
Vulpera,Switzerland
Langenthal,Switzerland
Tartar,Switzerland
Knonau,Switzerland
Mannried,Switzerland
Bretzwil,Switzerland
Murg,Switzerland
Chemin,Switzerland
Hemmental,Switzerland
Digg,Switzerland
Brail,Switzerland
Necker,Switzerland
Zollbrück,Switzerland
Amden,Switzerland
Sommerau,Switzerland
Felsberg,Switzerland
Mettendorf,Switzerland
Mex,Switzerland
Ufhusen,Switzerland
Abata,"Cote D'Ivoire"
Gagnoa,"Cote D'Ivoire"
Adjamé,"Cote D'Ivoire"
Bonoua,"Cote D'Ivoire"
Plateau,"Cote D'Ivoire"
Sikensi,"Cote D'Ivoire"
Yamoussoukro,"Cote D'Ivoire"
Adiaké,"Cote D'Ivoire"
Soubré,"Cote D'Ivoire"
Bouafla,"Cote D'Ivoire"
Man,"Cote D'Ivoire"
Attiecoubé,"Cote D'Ivoire"
Abijan,"Cote D'Ivoire"
Dimbokro,"Cote D'Ivoire"
Vridi,"Cote D'Ivoire"
Zuénoula,"Cote D'Ivoire"
Béttié,"Cote D'Ivoire"
"Abadji Doumé","Cote D'Ivoire"
Yacolidabouo,"Cote D'Ivoire"
Bingerville,"Cote D'Ivoire"
Arorangi,"Cook Islands"
Oneroa,"Cook Islands"
Avarua,"Cook Islands"
Matavera,"Cook Islands"
Ngatangiia,"Cook Islands"
Amuri,"Cook Islands"
Arutanga,"Cook Islands"
Titikaveka,"Cook Islands"
"María Elena",Chile
"Isla De Maipo",Chile
Cobre,Chile
Contulmo,Chile
Futaleufú,Chile
"El Rosal",Chile
Tomé,Chile
Máfil,Chile
Paillaco,Chile
Curanilahue,Chile
"Santa Teresa De Lo Ovalle",Chile
Carrera,Chile
"Ciudad De Valparaiso",Chile
Corral,Chile
Llay-llay,Chile
"La Rana",Chile
Loica,Chile
Dalcahue,Chile
Cochrane,Chile
"Lomas Coloradas",Chile
Batouri,Cameroon
Djoum,Cameroon
Bertoua,Cameroon
Bandjoun,Cameroon
Kribi,Cameroon
Kongo,Cameroon
Kumba,Cameroon
Bamenda,Cameroon
Maroua,Cameroon
Muyuka,Cameroon
Foumban,Cameroon
Yaoundé,Cameroon
Ringo,Cameroon
Dschang,Cameroon
Lomié,Cameroon
Kousséri,Cameroon
Garoua,Cameroon
Bafoussam,Cameroon
Bata,Cameroon
Doula,Cameroon
Pingyao,China
Pingshan,China
Xinnong,China
Wangtan,China
Yuanfang,China
Xiachen,China
Sanjia,China
Hu,China
Yinfang,China
Wanlong,China
Qianwei,China
Guangdian,China
Songcuo,China
Pingyangsi,China
Dongbang,China
Zaoerling,China
Shayang,China
Jiping,China
Jiayi,China
Daye,China
Villanueva,Colombia
Simijaca,Colombia
Vergara,Colombia
"San Pedro De Urabá",Colombia
Barbacoas,Colombia
Funza,Colombia
Libertador,Colombia
Bituima,Colombia
Tenjo,Colombia
Cháquira,Colombia
Estrella,Colombia
"La Estrella",Colombia
Calarcá,Colombia
"El Águila",Colombia
Leiva,Colombia
Gobernación,Colombia
Calima,Colombia
Yolombó,Colombia
Tuchín,Colombia
Fosca,Colombia
Zapote,"Costa Rica"
Polca,"Costa Rica"
Boca,"Costa Rica"
Urinama,"Costa Rica"
"La Estrella","Costa Rica"
Hojancha,"Costa Rica"
Orosí,"Costa Rica"
Limón,"Costa Rica"
"San Carlos","Costa Rica"
Puriscal,"Costa Rica"
Flor,"Costa Rica"
Naranjo,"Costa Rica"
"San Roque","Costa Rica"
"El Hoyo","Costa Rica"
Peres,"Costa Rica"
Pital,"Costa Rica"
"San Lucas","Costa Rica"
Ángeles,"Costa Rica"
"San Marcos","Costa Rica"
Cruz,"Costa Rica"
Palmira,Cuba
Tunas,Cuba
"Ciego De Ávila",Cuba
Holguín,Cuba
Camagüey,Cuba
Cienfuegos,Cuba
Bayamo,Cuba
"Las Tunas",Cuba
Villa,Cuba
Varadero,Cuba
Habana,Cuba
Miramar,Cuba
"Santa Clara",Cuba
Empresa,Cuba
Camajuaní,Cuba
"La Habana",Cuba
"San José",Cuba
"Sancti Spíritus",Cuba
Vueltas,Cuba
"Santiago De Cuba",Cuba
Assomada,"Cape Verde"
Palmeira,"Cape Verde"
"Rui Vaz","Cape Verde"
Calheta,"Cape Verde"
"Santa Maria","Cape Verde"
"Vila Nova Sintra","Cape Verde"
Santiago,"Cape Verde"
Praia,"Cape Verde"
"Ponta Do Sol","Cape Verde"
"Ribeira Brava","Cape Verde"
"Porto Novo","Cape Verde"
Velha,"Cape Verde"
Tarrafal,"Cape Verde"
"Sal Rei","Cape Verde"
"São Filipe","Cape Verde"
"São João","Cape Verde"
Mindelo,"Cape Verde"
Zeelandia,Curacao
"Mundo Nobo",Curacao
Colon,Curacao
Vredenberg,Curacao
Brievengat,Curacao
Emmastad,Curacao
Willemstad,Curacao
Dominguito,Curacao
"Flying Fish Cove","Christmas Island"
Yerovasa,Cyprus
Anoyira,Cyprus
Elia,Cyprus
Polis,Cyprus
Kalavasos,Cyprus
Konia,Cyprus
Palaichori,Cyprus
Zanakia,Cyprus
Finikaria,Cyprus
Anafotia,Cyprus
Lefke,Cyprus
Livadia,Cyprus
Gialia,Cyprus
Omodos,Cyprus
Kyrenia,Cyprus
Vavla,Cyprus
Eftagonya,Cyprus
Mosfiloti,Cyprus
Armenochori,Cyprus
Analiontas,Cyprus
Petriny,"Czech Republic"
Schwan,"Czech Republic"
Zdechovice,"Czech Republic"
Miroslav,"Czech Republic"
Víska,"Czech Republic"
Stonava,"Czech Republic"
Sasau,"Czech Republic"
Hvozd,"Czech Republic"
Lisek,"Czech Republic"
Adamov,"Czech Republic"
"Ceske Krizanek","Czech Republic"
Bojkovice,"Czech Republic"
Skrivanek,"Czech Republic"
Hostokryje,"Czech Republic"
"Cerveny Hradek","Czech Republic"
Kudlovice,"Czech Republic"
Voderady,"Czech Republic"
Bukovinka,"Czech Republic"
Zeli,"Czech Republic"
"Nový Ples","Czech Republic"
Schacht-audorf,Germany
Zettl,Germany
Oberbrechen,Germany
Uhldingen-mühlhofen,Germany
Pappenberg,Germany
Nesow,Germany
Döbern,Germany
Harvesse,Germany
Geist,Germany
Neustraße,Germany
Kammerbusch,Germany
Saalhaupt,Germany
Siegenburg,Germany
Sudholz,Germany
Schwenda,Germany
Westerstetten,Germany
Dollenchen,Germany
Holzerode,Germany
Dwarsefeld,Germany
"Neu Jabel",Germany
Jibuti,Djibouti
"Lille Heddinge",Denmark
Bradsted,Denmark
Eilby,Denmark
Smalby,Denmark
Sondrup,Denmark
Mjels,Denmark
"Over Even",Denmark
Bobøl,Denmark
Buerup,Denmark
"Nyraad Stensved",Denmark
Agerskov,Denmark
Pandrup,Denmark
Klinteby,Denmark
Assentorp,Denmark
Væth,Denmark
Voerså,Denmark
Valsgård,Denmark
Hejlskov,Denmark
Birk,Denmark
Å,Denmark
Salisbury,Dominica
Loubiere,Dominica
Rosalie,Dominica
Thibaud,Dominica
Roseau,Dominica
"Wall House",Dominica
Barroui,Dominica
Giraudel,Dominica
"Vieille Case",Dominica
"La Plaine",Dominica
Wesley,Dominica
Goodwill,Dominica
"Morne Prosper",Dominica
Délices,Dominica
Mahaut,Dominica
Bioche,Dominica
"Paix Bouche",Dominica
Marigot,Dominica
Trafalgar,Dominica
"Grand Fond",Dominica
"Punta Caña","Dominican Republic"
Yamasá,"Dominican Republic"
Romana,"Dominican Republic"
Valverde,"Dominican Republic"
Neyba,"Dominican Republic"
"La Golondrina","Dominican Republic"
"Los Valerios","Dominican Republic"
Reporadero,"Dominican Republic"
"Domingo Frías","Dominican Republic"
"San Juan","Dominican Republic"
Cancino,"Dominican Republic"
"Ramón Santana","Dominican Republic"
Cotuí,"Dominican Republic"
Capotillo,"Dominican Republic"
"Jima Arriba","Dominican Republic"
Contador,"Dominican Republic"
"Pepe Pérez","Dominican Republic"
Hainamosa,"Dominican Republic"
"Hato Mayor Del Rey","Dominican Republic"
Maricarmen,"Dominican Republic"
"Douar El Ouennene",Algeria
Bigou,Algeria
Maskara,Algeria
Kolea,Algeria
"Aïn Touta",Algeria
"Baba Ali",Algeria
"Emîr Abdelkader",Algeria
Fornaka,Algeria
Relizan,Algeria
Laveran,Algeria
Yakouren,Algeria
"El Milia",Algeria
"Baba Hassen",Algeria
Pasteur,Algeria
"Sidi Daoud",Algeria
"Amar Ben Zaoui",Algeria
"La Montagne",Algeria
Freha,Algeria
Renndoussa,Algeria
Messaoud,Algeria
"Bahía De Caráquez",Ecuador
Palestina,Ecuador
Saquisilí,Ecuador
Calceta,Ecuador
"Francisco De Orellana",Ecuador
Capelo,Ecuador
Chordeleg,Ecuador
Loreto,Ecuador
Atahualpa,Ecuador
Tulcán,Ecuador
Piñas,Ecuador
Valencia,Ecuador
Catacupamba,Ecuador
Atuntaqui,Ecuador
"Santa Clara",Ecuador
Atalpamba,Ecuador
Elena,Ecuador
Macará,Ecuador
"El Ángel",Ecuador
Llulluchas,Ecuador
Kabala,Estonia
Haaslava,Estonia
"Kooraste Asundus",Estonia
Sammaste,Estonia
Vabriku,Estonia
Haiba,Estonia
Lehetu,Estonia
Tänassilma,Estonia
Surju,Estonia
Tõrva,Estonia
Tõravere,Estonia
Osmussaare,Estonia
Osula,Estonia
Allika,Estonia
Kõue,Estonia
Tõstamaa,Estonia
Jõesuu,Estonia
Rajaküla,Estonia
Alavere,Estonia
Liivi,Estonia
Disuq,Egypt
"Ra's Gharib",Egypt
Assiout,Egypt
Qena,Egypt
Dessouk,Egypt
Aswan,Egypt
"Al Hawamidiyah",Egypt
"El Balyana",Egypt
"El-mahalla El-kubra",Egypt
Halwan,Egypt
Idku,Egypt
"El Agami",Egypt
Menouf,Egypt
Tima,Egypt
Misheirif,Egypt
Alessandria,Egypt
"`ezbet Sharikât Wardan",Egypt
Shâwa,Egypt
Mashtul,Egypt
Girga,Egypt
"Bir Gandús","Western Sahara"
Massawa,Eritrea
Asmara,Eritrea
Dekemhare,Eritrea
Mendefera,Eritrea
"Addi Ugri",Eritrea
Ts'egwaro,Eritrea
Bisha,Eritrea
"Adi Ar`ada",Eritrea
Burjasot,Spain
"Cervera De Los Montes",Spain
"Sotillo De La Ribera",Spain
"San Vicente De La Barquera",Spain
Casasbuenas,Spain
Astigarraga,Spain
Secadura,Spain
Rialp,Spain
Alfarrasi,Spain
Dicastillo,Spain
Vales,Spain
Muez,Spain
Aliseda,Spain
Bearín,Spain
Cervo,Spain
"Herrera De Los Navarros",Spain
Fortaleny,Spain
"Montbrió De La Marca",Spain
"Los Palacios Y Villafranca",Spain
Nueno,Spain
"Addis Abeba",Ethiopia
Nekempt,Ethiopia
"Hagere Hiywet",Ethiopia
Adama,Ethiopia
Nekempte,Ethiopia
"Debre Birhan",Ethiopia
"Addis Ababa",Ethiopia
Mersa,Ethiopia
Gondar,Ethiopia
Hawassa,Ethiopia
Sebeta,Ethiopia
"Dire Dawa",Ethiopia
Jimma,Ethiopia
Dese,Ethiopia
Nazareth,Ethiopia
Harer,Ethiopia
"Adis Abeba",Ethiopia
Nekemt,Ethiopia
"Bahir Dar",Ethiopia
Woldia,Ethiopia
Palojoki,Finland
Kaihlamäki,Finland
Kuusjärvi,Finland
Oravasaari,Finland
Tavastehus,Finland
Portimo,Finland
Herneshuhta,Finland
Virkkala,Finland
Kalliomäki,Finland
Mutanen,Finland
Lietsa,Finland
Botbyåsen,Finland
Vieremä,Finland
Ruorasmäki,Finland
Vastamäki,Finland
Suurimaa,Finland
Kallbäck,Finland
Rutava,Finland
Evitskog,Finland
Kuitula,Finland
Kalambo,Fiji
Vakambuli,Fiji
Vatukoula,Fiji
Toorak,Fiji
"Drio Drio",Fiji
Nasinu,Fiji
Ndrambuta,Fiji
Laucala,Fiji
Lomolomo,Fiji
Savusavu,Fiji
Namandi,Fiji
Levuka,Fiji
Numbutautau,Fiji
Suva,Fiji
Nasoli,Fiji
Raiwai,Fiji
Nasese,Fiji
Nadi,Fiji
Rakiraki,Fiji
Natoaika,Fiji
"Hill Cove","Falkland Islands (Malvinas)"
"Port Stanley","Falkland Islands (Malvinas)"
"Rincon Grande","Falkland Islands (Malvinas)"
Stanley,"Falkland Islands (Malvinas)"
Chuuk,Micronesi
Pohnpei,Micronesi
Kosrae,Micronesi
Orlando,Micronesi
Yap,Micronesi
"Skuö Bygd","Faroe Islands"
Kunoy,"Faroe Islands"
Klaksvík,"Faroe Islands"
Sørvágur,"Faroe Islands"
Kollefjord,"Faroe Islands"
Søldarfjørður,"Faroe Islands"
"Innan Glyvur","Faroe Islands"
Húsar,"Faroe Islands"
Ejde,"Faroe Islands"
Thorshavn,"Faroe Islands"
Sandur,"Faroe Islands"
Haldórsvík,"Faroe Islands"
Signabøur,"Faroe Islands"
Sand,"Faroe Islands"
Oyri,"Faroe Islands"
Göteejde,"Faroe Islands"
Tvøroyri,"Faroe Islands"
Nordregöte,"Faroe Islands"
Gøtugjógv,"Faroe Islands"
Gøta,"Faroe Islands"
Orgy,France
Longué,France
Tréguidel,France
Cours-les-bains,France
Mélamare,France
Saint-avit-frandat,France
Barges,France
Touquet,France
Ammerzwiller,France
Domvallier,France
Béréziat,France
"Les Riceys",France
Méaudre,France
Château-voué,France
Saint-andre-d'olerargues,France
Saint-hilaire-les-courbes,France
Sainte-sévère-sur-indre,France
Benesse-marenne,France
"Le Mesnil-sur-blangy",France
Bourg-sainte-marie,France
Moanda,Gabon
"Port Gentil",Gabon
Oyem,Gabon
Gamba,Gabon
Lambaréné,Gabon
Franceville,Gabon
Port-gentil,Gabon
Libreville,Gabon
"Great Oakley","United Kingdom"
Chipping,"United Kingdom"
Amlwch,"United Kingdom"
Cattal,"United Kingdom"
Wysall,"United Kingdom"
Llanilar,"United Kingdom"
"Great Welnetham","United Kingdom"
Stainley,"United Kingdom"
Castleford,"United Kingdom"
Timperley,"United Kingdom"
Saxby,"United Kingdom"
Illston,"United Kingdom"
"Stanford Le Hope","United Kingdom"
Ashleworth,"United Kingdom"
Weybridge,"United Kingdom"
Armthorpe,"United Kingdom"
Longtown,"United Kingdom"
Beverston,"United Kingdom"
Kirkhill,"United Kingdom"
Pusey,"United Kingdom"
Florida,Grenada
"Mon Plaisir",Grenada
"Happy Hill",Grenada
Boca,Grenada
"Mount Moritz Land Settlement",Grenada
Café,Grenada
Paddock,Grenada
D'arbeau,Grenada
"Saint David's",Grenada
"Morne Longue",Grenada
"True Blue",Grenada
"Petit Étang",Grenada
Vincennes,Grenada
"Saint Mark",Grenada
Tempe,Grenada
Hillsborough,Grenada
"Morne Jaloux",Grenada
Beaton,Grenada
"La Poterie",Grenada
"Petit Calivigny",Grenada
Khashuri,Georgia
Terdzhola,Georgia
Gurjaani,Georgia
Gamarjveba,Georgia
Sameba,Georgia
Vake,Georgia
Sagarejo,Georgia
K'obulet'i,Georgia
Tsalka,Georgia
Mtskhera,Georgia
Tsnori,Georgia
Agara,Georgia
Senaki,Georgia
Zugdidi,Georgia
Surami,Georgia
Duscheti,Georgia
P'ot'i,Georgia
K'ut'aisi,Georgia
Chiat'ura,Georgia
Rustavi,Georgia
"Saint-laurent Du Maroni","French Guiana"
Sinnamary,"French Guiana"
Guadeloupe,"French Guiana"
Cabassou,"French Guiana"
Montjoli,"French Guiana"
Portal,"French Guiana"
Montsinéry,"French Guiana"
Javouhey,"French Guiana"
Rémiré,"French Guiana"
Laurent,"French Guiana"
"Saint Laurent","French Guiana"
Maripa,"French Guiana"
Maripasoula,"French Guiana"
Iracoubo,"French Guiana"
Tonale,"French Guiana"
Roura,"French Guiana"
Tonnégrande,"French Guiana"
Grand-santi,"French Guiana"
Kourou,"French Guiana"
Montjoly,"French Guiana"
"Les Nicolles",Guernsey
"Hougues Magues",Guernsey
Vazon,Guernsey
"Les Varendes",Guernsey
"Le Manoir",Guernsey
"La Donnellerie",Guernsey
"St. Andrew",Guernsey
"La Tour",Guernsey
"Les Adams",Guernsey
Rohais,Guernsey
"La Villiaze",Guernsey
Braye,Guernsey
L'islet,Guernsey
"Saint George",Guernsey
Torteval,Guernsey
Coutanchez,Guernsey
Houmets,Guernsey
Houmet,Guernsey
"St. Saviour",Guernsey
"Le Bordage",Guernsey
Sakumono,Ghana
Wamfie,Ghana
Adisadel,Ghana
Dunkwa,Ghana
Nkwatia,Ghana
Tarkwa,Ghana
Tafo,Ghana
Teshie,Ghana
Techiman,Ghana
Akuse,Ghana
Kokomlemle,Ghana
Tesano,Ghana
Tumu,Ghana
Ridge,Ghana
Sekondi,Ghana
Berekuso,Ghana
Nsoatre,Ghana
Abaam,Ghana
Tamale,Ghana
"Cape Coast",Ghana
Caleta,Gibraltar
Gibraltar,Gibraltar
Godthaab,Greenland
Narsaq,Greenland
Narsarsuaq,Greenland
Kangaatsiaq,Greenland
Ikerasak,Greenland
Niaqornaarsuk,Greenland
Dundas,Greenland
Atammik,Greenland
Arsuk,Greenland
Saattut,Greenland
Qasigianguit,Greenland
Nanortalik,Greenland
Nuuk,Greenland
"Alluitsup Paa",Greenland
Qaanaaq,Greenland
Attu,Greenland
Kapisillit,Greenland
Maniitsoq,Greenland
Julianehåb,Greenland
Ivittuut,Greenland
Serekunda,Gambia
Kololi,Gambia
Kanifing,Gambia
"Dippa Kunda",Gambia
Sanyang,Gambia
"Little Banjul",Gambia
Bakau,Gambia
Banjul,Gambia
Kotu,Gambia
Yundum,Gambia
Brufut,Gambia
Serrekunda,Gambia
Brikama,Gambia
Fajara,Gambia
"Sere Kunda",Gambia
"Kantong Kunda",Gambia
Tabokoto,Gambia
Bakoteh,Gambia
"Banjul Nding",Gambia
Sukuta,Gambia
Nzérékoré,Guinea
Kindia,Guinea
Kipé,Guinea
Téma,Guinea
Pita,Guinea
Mamou,Guinea
Beyla,Guinea
Dalaba,Guinea
Kissidougou,Guinea
Kalia,Guinea
Forécariah,Guinea
Kamsar,Guinea
Camayenne,Guinea
Conakry,Guinea
Labé,Guinea
Koundara,Guinea
Boké,Guinea
Kankan,Guinea
Lola,Guinea
Ratoma,Guinea
"Cul De Sac",Guadeloupe
Vieux-fort,Guadeloupe
Baie-mahault,Guadeloupe
"Quartier D'orléans",Guadeloupe
Baillif,Guadeloupe
"Les Abymes",Guadeloupe
"Ravine Chaude",Guadeloupe
Bouillante,Guadeloupe
"Le Galet",Guadeloupe
Trianon,Guadeloupe
Deshauteurs,Guadeloupe
Émilien,Guadeloupe
Nogent,Guadeloupe
Abymes,Guadeloupe
Boricaud,Guadeloupe
Brion,Guadeloupe
Montalègre,Guadeloupe
Orléans,Guadeloupe
Sainte-marie,Guadeloupe
Petit-bourg,Guadeloupe
Bata,"Equatorial Guinea"
"Monte Bata","Equatorial Guinea"
Malaba,"Equatorial Guinea"
"Ciudad De Malabo","Equatorial Guinea"
Mongomo,"Equatorial Guinea"
Kogo,"Equatorial Guinea"
Malabo,"Equatorial Guinea"
Vlakhokeraséa,Greece
Elliniká,Greece
Erithraí,Greece
Kalamáta,Greece
Máleme,Greece
Sidirókastron,Greece
Mouzáki,Greece
Koróni,Greece
Pithárion,Greece
Kríni,Greece
Mazaréïka,Greece
Moskhokhórion,Greece
Varvára,Greece
Vrakhnaíika,Greece
Thessalonike,Greece
Agnanterón,Greece
Aryiropoúlion,Greece
Stavrós,Greece
Amorgós,Greece
Kinétta,Greece
Stromness,"South Georgia and the South Sandwich Islands"
"Santa Catarina Pinula",Guatemala
Tikal,Guatemala
"San José Chacayá",Guatemala
"Villa Canales",Guatemala
"San Juan",Guatemala
Champerico,Guatemala
"Santiago Sacatepéquez",Guatemala
"Puerta Parada",Guatemala
Tamahú,Guatemala
"San Vicente",Guatemala
Cuyotenango,Guatemala
"Santiago Atitlán",Guatemala
"San Antonio Palopó",Guatemala
"Magdalena Milpas Altas",Guatemala
"Santa María De Jesús",Guatemala
Sumpango,Guatemala
Florida,Guatemala
Guacamaya,Guatemala
"San Mateo",Guatemala
"San Andrés Itzapa",Guatemala
"Agana Heights",Guam
Barrigada,Guam
Tamuning,Guam
Yigo,Guam
Hagatna,Guam
Inarajan,Guam
"Santa Rita",Guam
Mangilao,Guam
Dededo,Guam
Agat,Guam
Merizo,Guam
Cacheu,Guinea-Bissau
Bissau,Guinea-Bissau
Kingston,Guyana
Linden,Guyana
Enmore,Guyana
Blairmont,Guyana
Belfield,Guyana
Mahaicony,Guyana
Queenstown,Guyana
Wales,Guyana
Georgetown,Guyana
Plaisance,Guyana
Beterverwagting,Guyana
Stanleytown,Guyana
Skeldon,Guyana
"Vreed En Hoop",Guyana
"Gordon Table",Guyana
Hopetown,Guyana
Alberttown,Guyana
"Rose Hall Village",Guyana
"Prashad Nagar",Guyana
Patentia,Guyana
"Ha Keng","Hong Kong"
"Sha Tin New Town","Hong Kong"
"Tai Kong Po","Hong Kong"
"A Shan Tsiu Lam","Hong Kong"
"Wing Lung Wai","Hong Kong"
"Sai Ying Poon","Hong Kong"
"Morrison Hill","Hong Kong"
"Kon Tong","Hong Kong"
"Tai Ping Shan","Hong Kong"
"Tseng Tau Wai","Hong Kong"
"Ping Che","Hong Kong"
"Tung Lo Wan","Hong Kong"
"Fuk Hing Lei","Hong Kong"
Sai,"Hong Kong"
"Shek Wo Hui","Hong Kong"
"Ko Tong","Hong Kong"
"Chung Mei","Hong Kong"
"Yau Tam Mei","Hong Kong"
"Tin Shui Wai","Hong Kong"
"To Kwa Wan","Hong Kong"
Quimistán,Honduras
Achiotal,Honduras
Mojimán,Honduras
Valle,Honduras
Morocelí,Honduras
"San José",Honduras
Lepaera,Honduras
Cofradía,Honduras
Pinalejo,Honduras
Mangulile,Honduras
"El Porvenir",Honduras
"El Paraíso",Honduras
"Toloa Adentro",Honduras
"Coyoles Central",Honduras
"Los Robles",Honduras
Moras,Honduras
Taulabé,Honduras
Villanueva,Honduras
"San Cristóbal",Honduras
Arimís,Honduras
Virovitica,Croatia
Petlovac,Croatia
"Gornji Martijanec",Croatia
Galgovo,Croatia
Sesvete,Croatia
Vrsine,Croatia
"Sveti Lovrec",Croatia
Rieka,Croatia
Henrikovci,Croatia
Bedenica,Croatia
Grohote,Croatia
Novska,Croatia
Stafilic,Croatia
Okoli,Croatia
"Zagrebacka Dubrava",Croatia
"Donja Bistra",Croatia
"Poljana Vrbovacka",Croatia
Horvati,Croatia
"Hudi Bitek",Croatia
"Novo Selo Na Dravi",Croatia
"Croix Des Bouquets",Haiti
Memadon,Haiti
Villard,Haiti
Cabaret,Haiti
Fort,Haiti
"Montagne Noire",Haiti
"Canapé Vert",Haiti
Delmar,Haiti
Dessalines,Haiti
Poco,Haiti
Mariani,Haiti
Verrettes,Haiti
Gonaïves,Haiti
Papette,Haiti
"Les Cayes",Haiti
Archaie,Haiti
Pétionville,Haiti
Delmas,Haiti
"Saint Michel",Haiti
"Petit Bois",Haiti
Kéthely,Hungary
Kiszsennye,Hungary
Kétegyháza,Hungary
Citrahát,Hungary
Jéke,Hungary
Szentpéterszeg,Hungary
Mezokovacshaza,Hungary
Kisláng,Hungary
Újpetre,Hungary
Szilvás,Hungary
Fót,Hungary
Lajostelep,Hungary
Kistelek,Hungary
Bagotapuszta,Hungary
Somogyvár,Hungary
Borsod,Hungary
Tarján,Hungary
Feldebro,Hungary
Gyál,Hungary
Kisbajcs,Hungary
"Cinyucruk Dua",Indonesia
Lahat,Indonesia
Kepoeng,Indonesia
"Banjar Sumampan",Indonesia
Lewoleba,Indonesia
Poedak-koelon,Indonesia
Sragen,Indonesia
Sago,Indonesia
Gemiring,Indonesia
Atambua,Indonesia
Cileungar,Indonesia
Cemara,Indonesia
Tangarang,Indonesia
Cileunyi,Indonesia
Langowan,Indonesia
"Petukangan Selatan",Indonesia
Caturtunggal,Indonesia
Cabakan,Indonesia
Tebatipoe,Indonesia
Singaparna,Indonesia
"Doran's Cross Roads",Ireland
Bodyke,Ireland
Shinrone,Ireland
"An Scoil",Ireland
Springvale,Ireland
Aghabullogue,Ireland
Ballybaan,Ireland
Goresbridge,Ireland
Garranmaconly,Ireland
Newtown,Ireland
Port,Ireland
Lifford,Ireland
"High Street",Ireland
Knockaderry,Ireland
Islandbridge,Ireland
Roddenagh,Ireland
Boherbue,Ireland
Gortmore,Ireland
"Cross Guns",Ireland
Templeogue,Ireland
`isawiya,Israel
Damon,Israel
Ono,Israel
Hazor,Israel
"Ben Zakai",Israel
"Even Yahuda",Israel
"Gan Shomron",Israel
Ramla,Israel
Alumim,Israel
"Nezer Sereni",Israel
Nofek,Israel
"Beit Hanan",Israel
"Beer Shalom",Israel
"Kefar Barukh",Israel
Mishmarot,Israel
Mahanayim,Israel
"Sde Boker",Israel
"Kerem Ben Zimra",Israel
Qadima,Israel
Tsipori,Israel
Cregneish,"Isle of Man"
Kirkmichael,"Isle of Man"
Colby,"Isle of Man"
Derbyhaven,"Isle of Man"
Crosby,"Isle of Man"
"Port Soderick","Isle of Man"
Dalby,"Isle of Man"
"Union Mills","Isle of Man"
Douglas,"Isle of Man"
Ballabeg,"Isle of Man"
Ramsey,"Isle of Man"
Patrick,"Isle of Man"
"Saint Johns","Isle of Man"
"Port Erin","Isle of Man"
Conchan,"Isle of Man"
Laxey,"Isle of Man"
"Saint Marks","Isle of Man"
Andreas,"Isle of Man"
"Glen Maye","Isle of Man"
Maughold,"Isle of Man"
Nemmara,India
Karaikal,India
Asaudah,India
Arang,India
Bilaigarh,India
Mahad,India
Sanvordem,India
Kanniyakumari,India
"North Lakhimpur",India
Barpali,India
Laksar,India
Simla,India
Beswan,India
Nisha,India
Baruipur,India
Chicalim,India
Deeg,India
Patna,India
Tohana,India
Surajgarha,India
Taji,Iraq
Nasiriyah,Iraq
"Al Fursi",Iraq
Sidra,Iraq
Zubair,Iraq
Goran,Iraq
"Tall Aswad",Iraq
Dohuk,Iraq
Sulaimaniya,Iraq
Darbandikhan,Iraq
Basrah,Iraq
Diyana,Iraq
Qasr,Iraq
Khalis,Iraq
"As Sulaymaniyah",Iraq
Hawler,Iraq
Sleimani,Iraq
Wasit,Iraq
Korek,Iraq
Suli,Iraq
Mianeh,Ira
Rayen,Ira
Varzaneh,Ira
Sharq,Ira
Hemmatabad,Ira
Ahram,Ira
Alvand,Ira
Samangan,Ira
Tamishan,Ira
Kelarabad,Ira
Golestaneh,Ira
Nehbandan,Ira
Takhteh,Ira
As,Ira
"Tolombeh Khaneh-ye Mozaffarabad",Ira
Bidgol,Ira
Yaran,Ira
Tajrish,Ira
Sabzevar,Ira
Bafq,Ira
Hnífsdalur,Iceland
Kálfajörn,Iceland
Álafoss,Iceland
Dalvík,Iceland
Reykjavík,Iceland
Skálholt,Iceland
Hofsós,Iceland
Ás,Iceland
Sandgerði,Iceland
Borg,Iceland
Kirkjubæjarklaustur,Iceland
Patreksfjörður,Iceland
Stykkishólmur,Iceland
Ísafjörður,Iceland
Hvanneyri,Iceland
Garður,Iceland
Þórshöfn,Iceland
Hafnir,Iceland
Vík,Iceland
Blönduós,Iceland
Cuceglio,Italy
Acri,Italy
Termoli,Italy
"Torbole Sul Garda",Italy
Lombro,Italy
Fossalta,Italy
Laurito,Italy
Terdobbiate,Italy
"Alessandria Del Carretto",Italy
Castelguelfo,Italy
Fregona,Italy
Celano,Italy
Civita,Italy
Zendri,Italy
Arzergrande,Italy
Maiero,Italy
Nemoli,Italy
"Ponte A Cappiano",Italy
Gizzeria,Italy
Fontevivo,Italy
Portinfer,Jersey
"Saint Aubin",Jersey
"La Ville ès Nouaux",Jersey
"Saint Peter",Jersey
"La Villaise",Jersey
Rozel,Jersey
Gouray,Jersey
"La Falaise",Jersey
Gorey,Jersey
Millbrook,Jersey
"Saint John",Jersey
"La Haule",Jersey
"Bel Royal",Jersey
"Saint Jean",Jersey
"Saint Helier",Jersey
"Ville Au Bas",Jersey
"La Ville Bagot",Jersey
"Saint Peter Church",Jersey
Longueville,Jersey
"Grand Chemins",Jersey
"Washington Gardens",Jamaica
"Halse Hall",Jamaica
"Ivy Mount",Jamaica
Spaldings,Jamaica
Whitehouse,Jamaica
"Port Antonio",Jamaica
"Clarendon Park",Jamaica
Montego,Jamaica
"Mammee Bay",Jamaica
"Maroon Town",Jamaica
Cauldwell,Jamaica
Falmouth,Jamaica
Gayle,Jamaica
Hanover,Jamaica
Bromley,Jamaica
Oberlin,Jamaica
"Newport West",Jamaica
Thornton,Jamaica
Ironshore,Jamaica
Lacovia,Jamaica
Burma,Jordan
"Abu `alanda",Jordan
Jawa,Jordan
Suf,Jordan
Jarash,Jordan
"Al Karak",Jordan
Mobis,Jordan
"Ar Rumman",Jordan
Mafraq,Jordan
Sufah,Jordan
`amman,Jordan
Tafila,Jordan
Adjlun,Jordan
"Ar Rashadah",Jordan
Safi,Jordan
Zarqa',Jordan
Qafqafa,Jordan
"Saha Abu Jabir",Jordan
"Dulaylat Al Hama'idah",Jordan
"As Salt",Jordan
Yuzawa,Japan
Aso,Japan
Togitsu,Japan
Usuda,Japan
Isezaki,Japan
Iijima,Japan
Fujisaki,Japan
Oura,Japan
Saidaiji,Japan
Towada,Japan
Sasaguri,Japan
Mizuki,Japan
Nakamura,Japan
Ubara,Japan
Shimotsuke,Japan
Myohoji,Japan
Shinoro,Japan
Kusatu,Japan
Haraguchi,Japan
Omika,Japan
Kianjogu,Kenya
Elburgon,Kenya
"City Estate",Kenya
Githunguri,Kenya
Kerugoya,Kenya
Kirenga,Kenya
Kisumu,Kenya
Kapsabet,Kenya
Voi,Kenya
"Makandarahousing Estate",Kenya
Murang'a,Kenya
Kanjuku,Kenya
Kiganjo,Kenya
Gatharaini,Kenya
Ngombeni,Kenya
Kandara,Kenya
Mbita,Kenya
"Nairobi South",Kenya
Kericho,Kenya
Naivasha,Kenya
Kazarman,Kyrgyzstan
Chok-tal,Kyrgyzstan
Jalal-abad,Kyrgyzstan
Ivanovka,Kyrgyzstan
Petrovka,Kyrgyzstan
Talas,Kyrgyzstan
Bosteri,Kyrgyzstan
Osh,Kyrgyzstan
Novopokrovka,Kyrgyzstan
Shoro,Kyrgyzstan
Kara-suu,Kyrgyzstan
Dostuk,Kyrgyzstan
Kochkor-ata,Kyrgyzstan
Kara-balta,Kyrgyzstan
Chaldövar,Kyrgyzstan
Alga,Kyrgyzstan
Tokmok,Kyrgyzstan
Chuy,Kyrgyzstan
Tokmak,Kyrgyzstan
Uzgen,Kyrgyzstan
"Phnum Pénh",Cambodia
Poipet,Cambodia
"Ta Khmau",Cambodia
Boeung,Cambodia
"Kompong Som",Cambodia
Tuol,Cambodia
Sihanoukville,Cambodia
Pousat,Cambodia
Chom,Cambodia
"Svay Rieng",Cambodia
"Wat Phnom",Cambodia
Trabek,Cambodia
Kâmpôt,Cambodia
Sihanouk,Cambodia
"Pnom Penh",Cambodia
Takeo,Cambodia
Preah,Cambodia
"Kouk Krâsang",Cambodia
"Phnom Penh",Cambodia
"Chrouy Changvar",Cambodia
Bairiki,Kiribati
Tarawa,Kiribati
Bikenibeu,Kiribati
Eita,Kiribati
Betio,Kiribati
Mutsamudu,Comoros
Moroni,Comoros
Sima,Comoros
Cayon,"Saint Kitts and Nevis"
Basseterre,"Saint Kitts and Nevis"
Trinity,"Saint Kitts and Nevis"
Newcastle,"Saint Kitts and Nevis"
Molineaux,"Saint Kitts and Nevis"
"Half Way Tree","Saint Kitts and Nevis"
Limekiln,"Saint Kitts and Nevis"
Geoghan,"Saint Kitts and Nevis"
Mansion,"Saint Kitts and Nevis"
"Key Village","Saint Kitts and Nevis"
"Middle Island","Saint Kitts and Nevis"
Hermitage,"Saint Kitts and Nevis"
"Monkey Hill","Saint Kitts and Nevis"
"Old Road Town","Saint Kitts and Nevis"
"Fig Tree","Saint Kitts and Nevis"
"Jessup's Village","Saint Kitts and Nevis"
"Dieppe Bay","Saint Kitts and Nevis"
Charlestown,"Saint Kitts and Nevis"
"Newton Ground Village","Saint Kitts and Nevis"
"Brown Pasture Village","Saint Kitts and Nevis"
Seoul,"South Korea"
Busan,"South Korea"
Incheon,"South Korea"
Daegu,"South Korea"
Daejeon,"South Korea"
Gwangju,"South Korea"
Ulsan,"South Korea"
Suwon,"South Korea"
Changwon,"South Korea"
Goyang,"South Korea"
Yongin,"South Korea"
Seongnam,"South Korea"
Bucheon,"South Korea"
Ansan,"South Korea"
Jeonju,"South Korea"
Cheongju,"South Korea"
Anyang,"South Korea"
Chuncheon,"South Korea"
Uijeongbu,"South Korea"
Gwangmyeong,"South Korea"
Salwá,Kuwait
Farwaniah,Kuwait
Manifah,Kuwait
Kuwayt,Kuwait
Dasmah,Kuwait
"Jleeb Al Shuyoukh",Kuwait
"Al Yarmuk",Kuwait
Fantas,Kuwait
"Al Aridiyah",Kuwait
"Abraq Khaitan",Kuwait
Khitan,Kuwait
Salmiya,Kuwait
Doha,Kuwait
"Abu Halaifa",Kuwait
Kayfan,Kuwait
"Al Fayha'",Kuwait
Salmiyah,Kuwait
Fintas,Kuwait
Al-shuaiba,Kuwait
"Al Bhar",Kuwait
"Midland Acres","Cayman Islands"
"West Bay","Cayman Islands"
"George Town","Cayman Islands"
"Cayman Palms","Cayman Islands"
"North Sound Estates","Cayman Islands"
Savannah,"Cayman Islands"
"Lower Valley","Cayman Islands"
Newlands,"Cayman Islands"
Prospect,"Cayman Islands"
"West End","Cayman Islands"
Newland,"Cayman Islands"
"Omega Gardens","Cayman Islands"
"North Side","Cayman Islands"
"East End","Cayman Islands"
"Old Man Bay","Cayman Islands"
"Birch Tree Hill","Cayman Islands"
"Half Way Pond","Cayman Islands"
Bodden,"Cayman Islands"
"Red Bay","Cayman Islands"
"Bodden Town","Cayman Islands"
Gavrilovka,Kazakhstan
Babaykurgan,Kazakhstan
Kyzylozek,Kazakhstan
Semipalatinsk,Kazakhstan
Zharkain,Kazakhstan
Zharyk,Kazakhstan
Aqtöbe,Kazakhstan
Shevchenko,Kazakhstan
Alatay,Kazakhstan
Enbeksh,Kazakhstan
Akzharma,Kazakhstan
Oral,Kazakhstan
Bukhtarma,Kazakhstan
Yavlenka,Kazakhstan
Almaarasan,Kazakhstan
Kustanai,Kazakhstan
Saryagash,Kazakhstan
Tolkyn,Kazakhstan
Sholakkorgan,Kazakhstan
Zhetysay,Kazakhstan
"Muang Xai","Lao People's Democratic Republic"
Pakxé,"Lao People's Democratic Republic"
Savannaket,"Lao People's Democratic Republic"
Vientiane,"Lao People's Democratic Republic"
Champasak,"Lao People's Democratic Republic"
"Luang Prabang","Lao People's Democratic Republic"
"Ban Thamouang","Lao People's Democratic Republic"
Savannakhét,"Lao People's Democratic Republic"
Btaaboura,Lebanon
"Al Bashurah",Lebanon
"Haret Hreik",Lebanon
"Ru'aysat An Nu`man",Lebanon
Ghazir,Lebanon
"Jall Bou Haïdar",Lebanon
"Chekka Aatîqa",Lebanon
Hazmiyé,Lebanon
Sur,Lebanon
Bcharré,Lebanon
Byaqut,Lebanon
Ajaltoun,Lebanon
Dbaïyé,Lebanon
Safrah,Lebanon
Hamra,Lebanon
Alley,Lebanon
Beaachta,Lebanon
"An Nabi Yunus",Lebanon
"Harat Al Kanisah",Lebanon
Jdeïdé,Lebanon
"Morne Doudon","Saint Lucia"
"Marigot Bay","Saint Lucia"
"Grande Rivière","Saint Lucia"
"Black Bay","Saint Lucia"
"Morne Fortune","Saint Lucia"
Patience,"Saint Lucia"
Floissac,"Saint Lucia"
Cabiche,"Saint Lucia"
Bexon,"Saint Lucia"
Babonneau,"Saint Lucia"
Canaries,"Saint Lucia"
Vigie,"Saint Lucia"
Reduit,"Saint Lucia"
Choc,"Saint Lucia"
"Anse Canot","Saint Lucia"
"Mon Repos","Saint Lucia"
"Vieux Fort","Saint Lucia"
"Anse La Raye","Saint Lucia"
Dennery,"Saint Lucia"
Carrièe,"Saint Lucia"
Schellenberg,Liechtenstein
Ruggell,Liechtenstein
Balzers,Liechtenstein
Schaan,Liechtenstein
Schan,Liechtenstein
Triesenberg,Liechtenstein
Gamprin-bendern,Liechtenstein
Mauren,Liechtenstein
Mäls,Liechtenstein
Triesen,Liechtenstein
Eschen,Liechtenstein
Nendeln,Liechtenstein
Vaduz,Liechtenstein
Bendern,Liechtenstein
Planken,Liechtenstein
Schaanwald,Liechtenstein
Gamprin,Liechtenstein
Mulgirigala,"Sri Lanka"
Madampe,"Sri Lanka"
Rattota,"Sri Lanka"
Nalluruwa,"Sri Lanka"
Gonawila,"Sri Lanka"
Buthpitiya,"Sri Lanka"
Kanda,"Sri Lanka"
Giridara,"Sri Lanka"
Horana,"Sri Lanka"
Thalapathpitiya,"Sri Lanka"
Hapugastenna,"Sri Lanka"
Malagala,"Sri Lanka"
Maduruwita,"Sri Lanka"
Kabilidowa,"Sri Lanka"
Elpitiya,"Sri Lanka"
Welamboda,"Sri Lanka"
Kattankudi,"Sri Lanka"
Hatton,"Sri Lanka"
Kirillapone,"Sri Lanka"
Talapathpitiya,"Sri Lanka"
"Grand Bassa",Liberia
Barclaysville,Liberia
Buchanan,Liberia
Kakata,Liberia
Zwedru,Liberia
Sinoe,Liberia
West,Liberia
Sanson,Liberia
Greenville,Liberia
Careysburg,Liberia
Foya,Liberia
Harbel,Liberia
Monrovia,Liberia
"Congo Town",Liberia
Paynesville,Liberia
Yekepa,Liberia
"Fish Town",Liberia
Gbarnga,Liberia
Bong,Liberia
Harper,Liberia
Quthing,Lesotho
Thaba-tseka,Lesotho
Peka,Lesotho
Maputsoe,Lesotho
Leribe,Lesotho
Butha-buthe,Lesotho
Mazenod,Lesotho
Hlotse,Lesotho
Teyateyaneng,Lesotho
Mapoteng,Lesotho
Morija,Lesotho
Maseru,Lesotho
"Botsabelo Asylum",Lesotho
Roma,Lesotho
Mafeteng,Lesotho
Rukishki,Lithuania
Pociuneliai,Lithuania
Daunoriske,Lithuania
Tupikai,Lithuania
Rudaiciai,Lithuania
"Vismantai Antrieji",Lithuania
Lapainia,Lithuania
Velikunai,Lithuania
Sventoji,Lithuania
Baranishki,Lithuania
Zagare,Lithuania
Antezeriai,Lithuania
Vievio,Lithuania
Taujenai,Lithuania
Burbinai,Lithuania
Kaltinenai,Lithuania
Surviliskis,Lithuania
Palemonas,Lithuania
Lausgeniai,Lithuania
Alkiskiu,Lithuania
Lasauvage,Luxembourg
Neuhaeusgen,Luxembourg
Berbourg,Luxembourg
Ansembourg,Luxembourg
Ernster,Luxembourg
Fouhren,Luxembourg
Berdorf,Luxembourg
Gasperich,Luxembourg
Bascharage,Luxembourg
Binsfeld,Luxembourg
Grosbous,Luxembourg
Wincrange,Luxembourg
Bettembourg,Luxembourg
Consthum,Luxembourg
Peppange,Luxembourg
Hostert,Luxembourg
Siebenaler,Luxembourg
Ell,Luxembourg
Rosport,Luxembourg
Ehner,Luxembourg
Kesterciems,Latvia
Florida,Latvia
Pastende,Latvia
Smarde,Latvia
Slampe,Latvia
Baldone,Latvia
Kartuzi,Latvia
Maurani,Latvia
Liepas,Latvia
Dzerumi,Latvia
Mucenieki,Latvia
Melnbarzi,Latvia
Zuji,Latvia
Sarkanmuiza,Latvia
"Myza Turkalnes",Latvia
Sloka,Latvia
Pidriki,Latvia
Jaunate,Latvia
Liepaja,Latvia
Berzpils,Latvia
Benghazi,Libya
Tubruq,Libya
Surt,Libya
Janzur,Libya
Zlitan,Libya
"Az Zuwaytinah",Libya
Ambayyah,Libya
"Al Khums",Libya
Misratah,Libya
"Al Mayah",Libya
Darnah,Libya
Sabratah,Libya
Waddan,Libya
Surman,Libya
"Abu `isa",Libya
Gharyan,Libya
Misurata,Libya
Banghazi,Libya
Bayda,Libya
"Ad Dafiniyah",Libya
"Oulad Sa'id",Morocco
"Sidi Sliman",Morocco
Ahfir,Morocco
"Bir Jdid",Morocco
"Sidi Bennour",Morocco
Mjoutat,Morocco
"Meknès Plaisance",Morocco
Ounagha,Morocco
"Ksar El Kebîr",Morocco
Tangier,Morocco
"Douar Frakit",Morocco
Plage,Morocco
Imouzzer,Morocco
Benguerir,Morocco
Tawnat,Morocco
"Martimprey Du Kiss",Morocco
Media,Morocco
Khouribja,Morocco
Sali,Morocco
Agdal,Morocco
"La Condamine",Monaco
Monaco-ville,Monaco
Monte-carlo,Monaco
Fontvieille,Monaco
Ulmu,Moldov
Dnestrovsk,Moldov
Cimislia,Moldov
Ialpugeni,Moldov
Speia,Moldov
Mladinesht',Moldov
Puhaceni,Moldov
Galbenita,Moldov
Boghiceni,Moldov
Budesti,Moldov
Slobodzeya,Moldov
Dnestrovsc,Moldov
Horjesti,Moldov
Salcuta,Moldov
Sângera,Moldov
Maximovca,Moldov
Corjeuti,Moldov
Edinet,Moldov
Taraclia,Moldov
"Cobusca Noua",Moldov
Krstac,Montenegro
Obod,Montenegro
Leta,Montenegro
Tuzi,Montenegro
Konik,Montenegro
Kosijeri,Montenegro
Kolozun,Montenegro
Kolasin,Montenegro
Radovici,Montenegro
Borete,Montenegro
Priboj,Montenegro
Pluzine,Montenegro
"Dugi Do",Montenegro
"Stari Bar",Montenegro
Ulica,Montenegro
Skaljari,Montenegro
Berane,Montenegro
Zagoric,Montenegro
Klikovace,Montenegro
Plevlja,Montenegro
Grand-case,"Saint Martin"
Rambaud,"Saint Martin"
Marigot,"Saint Martin"
Morondava,Madagascar
Antaninarenina,Madagascar
Toliary,Madagascar
Antsahampano,Madagascar
Ambohitrimanjaka,Madagascar
Andafiavaratra,Madagascar
Andoharanofotsy,Madagascar
Majunga,Madagascar
Faravohitra,Madagascar
Moramanga,Madagascar
Ambohidratimo,Madagascar
Mahamasina,Madagascar
Nosy-be,Madagascar
Tamatave,Madagascar
Ambohidahy,Madagascar
Ankorahotra,Madagascar
Fianarantsoa,Madagascar
Ambohimanga,Madagascar
Ambatolampy,Madagascar
Sambava,Madagascar
Majuro,"Marshall Islands"
Ebeye,"Marshall Islands"
"Dolna Belica",Macedonia
Kalderjac,Macedonia
"Nov Dojran",Macedonia
Orasac,Macedonia
Kicevo,Macedonia
Bogomila,Macedonia
Strumica,Macedonia
Dobroshtë,Macedonia
Mogila,Macedonia
Kolicko,Macedonia
Tremnik,Macedonia
Pripor,Macedonia
Sopiste,Macedonia
Rastani,Macedonia
Capari,Macedonia
Labunista,Macedonia
"Umin Dol",Macedonia
Belica,Macedonia
Gostivar,Macedonia
Kazani,Macedonia
Koulikoro,Mali
Sélingué,Mali
Douentza,Mali
"Bamako Koura",Mali
Koro,Mali
Niono,Mali
San,Mali
Goundam,Mali
Bandiagara,Mali
Niarela,Mali
Sévaré,Mali
Kidal,Mali
Bamabougou,Mali
Kita,Mali
Torokorobougou,Mali
Bama,Mali
Sikasso,Mali
Débougou,Mali
Mopti,Mali
Kati,Mali
Mandalay,Myanmar
Pathein,Myanmar
Rangoon,Myanmar
Yangon,Myanmar
Darhan,Mongolia
"Ulan Bator",Mongolia
Erdenet,Mongolia
Ulaangom,Mongolia
Nalaikha,Mongolia
Dzuunmod,Mongolia
Darkhan,Mongolia
Bayangol,Mongolia
Bayan,Mongolia
Choibalsan,Mongolia
Ulaanbaatur,Mongolia
Orhon,Mongolia
Ulaanbaatar,Mongolia
Ulaanbaator,Mongolia
Mandalgovi,Mongolia
Khentiï,Mongolia
Bulgan,Mongolia
Sühbaatar,Mongolia
Zuunkharaa,Mongolia
Orkhon,Mongolia
Coloane,Macau
Ao-men,Macau
Taipa,Macau
"Hac Sá",Macau
Macau,Macau
"Cidade De Macau",Macau
"Cheoc Ca Chün",Macau
Lin-chia-ts'un,Macau
"Lai Chi Van",Macau
Rota,"Northern Mariana Islands"
Tinian,"Northern Mariana Islands"
Saipan,"Northern Mariana Islands"
"La Favorite",Martinique
Bézaudin,Martinique
Saingaule,Martinique
Acajou,Martinique
Gros-morne,Martinique
"Anses D'arlet",Martinique
Lamentin,Martinique
Pelletier,Martinique
Abymes,Martinique
"Les Anses D'arlet",Martinique
"Les Coteaux",Martinique
"Petite Anse",Martinique
"Bois La Charles",Martinique
"Four à Chaux",Martinique
"Anses D'arlets",Martinique
"Le Carbet",Martinique
Carbet,Martinique
Tartane,Martinique
"Morne Rouge",Martinique
"Le François",Martinique
Rosso,Mauritania
Nouakchot,Mauritania
Nouakchott,Mauritania
Nouâdhibou,Mauritania
Plymouth,Montserrat
Woodlands,Montserrat
Olveston,Montserrat
"Saint Peters",Montserrat
Salem,Montserrat
"Saint John's",Montserrat
Banks,Montserrat
"Davy Hill",Montserrat
"Cudjoe Head",Montserrat
Is-swieqi,Malta
Xaghra,Malta
Cospicua,Malta
"Hal Lija",Malta
Hamrija,Malta
"Hal Qormi",Malta
M'skala,Malta
Siggiewi,Malta
H'attard,Malta
Gudja,Malta
Biskra,Malta
Id-daÄ§ar,Malta
Il-mellieÄ§a,Malta
Manikata,Malta
"Fleur De Lys",Malta
Xghajra,Malta
Bugibba,Malta
Il-mellieha,Malta
Curmi,Malta
Gomerino,Malta
"Quinze Cantons",Mauritius
Bénarès,Mauritius
"Poudre D'or Hamlet",Mauritius
"River Du Poste Station",Mauritius
Bambous,Mauritius
"Pointe Aux Cannoniers",Mauritius
Lalmatie,Mauritius
"Mont Lubin",Mauritius
Julien,Mauritius
"Baie Du Tombeau",Mauritius
Henrietta,Mauritius
Midlands,Mauritius
Moka,Mauritius
Laventure,Mauritius
Vacoas,Mauritius
"The Vale",Mauritius
"Beau Vallon",Mauritius
"Oyster Bay",Mauritius
"Les Guibies",Mauritius
Floréal,Mauritius
Naifaru,Maldives
Thinadhoo,Maldives
Hithadhoo,Maldives
Kulhudhuffushi,Maldives
Dhidhdhoo,Maldives
Male,Maldives
Felidhoo,Maldives
Gan,Maldives
Eydhafushi,Maldives
Mahibadhoo,Maldives
Maale,Maldives
Manadhoo,Maldives
Viligili,Maldives
Magoodhoo,Maldives
Thyolo,Malawi
Mangochi,Malawi
Ntchisi,Malawi
Lilongwe,Malawi
Zomba,Malawi
Limbe,Malawi
Mzuzu,Malawi
Made,Malawi
Kasungu,Malawi
Mulanje,Malawi
"Monkey Bay",Malawi
"Nkhata Bay",Malawi
Namadzi,Malawi
Lumbadzi,Malawi
Blantyre,Malawi
Mchinji,Malawi
Chikwawa,Malawi
Temozón,Mexico
"Guevea De Húmboldt",Mexico
Fortín,Mexico
Iztapalapa,Mexico
"Santa Rosa Jáuregui",Mexico
"Santiago Yancuitlalpan",Mexico
Pedregal,Mexico
"Santa Cruz De La Soledad",Mexico
"Putla De Guerrero",Mexico
Seyé,Mexico
"Santa Catarina Ticuá",Mexico
Morelos,Mexico
Soyatitán,Mexico
Aquila,Mexico
Tesistán,Mexico
"Ciudad Acuña",Mexico
"Ciudad Lerdo",Mexico
Ajacuba,Mexico
Cholula,Mexico
Lagartero,Mexico
Pertang,Malaysia
"Bukit Rotan",Malaysia
Broga,Malaysia
Jawi,Malaysia
"Kuala Gula",Malaysia
Sabak,Malaysia
"Kampong Bukit Lanjan",Malaysia
Jertih,Malaysia
Sundar,Malaysia
"Paya Besar",Malaysia
"Pengkalan Chepa",Malaysia
"Kubang Kerian",Malaysia
"Durian Tunggal",Malaysia
"Kampong Gelamai",Malaysia
"Kuala Pegang",Malaysia
"Kampong Bukit Pinang",Malaysia
"Taman Uda",Malaysia
Jitra,Malaysia
"Rumah Pekeja",Malaysia
Rawang,Malaysia
Pemba,Mozambique
Inhambane,Mozambique
Gorongosa,Mozambique
Moatize,Mozambique
Songo,Mozambique
Vilankulo,Mozambique
Tete,Mozambique
Quelimane,Mozambique
Niassa,Mozambique
Gondola,Mozambique
Lichinga,Mozambique
Manica,Mozambique
Mocuba,Mozambique
Nova,Mozambique
Chibuto,Mozambique
Xai-xai,Mozambique
Massinga,Mozambique
Moçambique,Mozambique
Nhamizua,Mozambique
Matola-rio,Mozambique
Walvisbaai,Namibia
Leonardville,Namibia
Maltahöhe,Namibia
Onamahoka,Namibia
Grünau,Namibia
"Henties Bay",Namibia
Oranjemund,Namibia
Arandis,Namibia
Windhuk,Namibia
"Walvis Bay",Namibia
Ohangwena,Namibia
Kazi,Namibia
Khorixas,Namibia
Oshikuku,Namibia
Omuthiya,Namibia
Noordoewer,Namibia
Ruacana,Namibia
Outjo,Namibia
Sendelingsdrif,Namibia
Samara,Namibia
Sarraméa,"New Caledonia"
Yaté,"New Caledonia"
Kaala-gomén,"New Caledonia"
Farino,"New Caledonia"
Blanchot,"New Caledonia"
Plum,"New Caledonia"
Kouaoua,"New Caledonia"
Touho,"New Caledonia"
Poindimié,"New Caledonia"
Auteuil,"New Caledonia"
Houaïlou,"New Caledonia"
Boulouparis,"New Caledonia"
Koné,"New Caledonia"
Népoui,"New Caledonia"
Pouembout,"New Caledonia"
"La Coulée","New Caledonia"
Bouloupari,"New Caledonia"
Mont-dore,"New Caledonia"
Poro,"New Caledonia"
Yahoué,"New Caledonia"
Kaba,Niger
Niamey,Niger
Agadez,Niger
Gouré,Niger
Maradi,Niger
Malbaza,Niger
Arlit,Niger
Diffa,Niger
Tahoua,Niger
Kingston,"Norfolk Island"
Kirikiri,Nigeria
Oko,Nigeria
Ndoni,Nigeria
Baba,Nigeria
Anka,Nigeria
Iperindo,Nigeria
Ilate,Nigeria
Ibeju,Nigeria
Bonny,Nigeria
Igbobi,Nigeria
Sapele,Nigeria
Ganme,Nigeria
Makurdi,Nigeria
Ogbomosho,Nigeria
Jalingo,Nigeria
Akwa,Nigeria
Sagamu,Nigeria
Ikare,Nigeria
Idimu,Nigeria
Ila,Nigeria
Jinotepe,Nicaragua
"La Concha",Nicaragua
Siuna,Nicaragua
Jinotega,Nicaragua
"San Nicolás",Nicaragua
"San Sebastián De Yalí",Nicaragua
"El Crucero",Nicaragua
Mecatepillo,Nicaragua
Juigalpa,Nicaragua
Corinto,Nicaragua
Nindirí,Nicaragua
Bonanza,Nicaragua
Matiguás,Nicaragua
"El Edén",Nicaragua
Cebadilla,Nicaragua
Chichigalpa,Nicaragua
Larreynaga,Nicaragua
"La Libertad",Nicaragua
"San José Del Sur",Nicaragua
"San Diego",Nicaragua
Engelbert,Netherlands
Hemmen,Netherlands
Mijnheerkens,Netherlands
Loobeek,Netherlands
Kerckebosch,Netherlands
Knuitershoek,Netherlands
Lombok,Netherlands
Dirkshorn,Netherlands
Roderwolde,Netherlands
Schermerhorn,Netherlands
Dusseldorp,Netherlands
Duinen,Netherlands
Wooldrik,Netherlands
Boksum,Netherlands
Slijkwell,Netherlands
Morgenstond,Netherlands
Nijnsel,Netherlands
Wapenveld,Netherlands
Mullem,Netherlands
Ouwsterhaule,Netherlands
Aana-sira,Norway
Aandervaag,Norway
Goavkejåkka,Norway
Aasberg,Norway
Muruvik,Norway
Dolvik,Norway
Vea,Norway
Botn,Norway
Kiberg,Norway
Salhus,Norway
Åmot,Norway
Sirma,Norway
Gratangen,Norway
Søvassli,Norway
Lauvsnes,Norway
Vaagan,Norway
Hemnesberget,Norway
Sagen,Norway
Frya,Norway
Leikanger,Norway
Kailali,Nepal
Siraha,Nepal
Bathala,Nepal
Beni,Nepal
Syangja,Nepal
Kirtipur,Nepal
Tikapur,Nepal
Nepalganj,Nepal
Biratnagar,Nepal
Dhulikhel,Nepal
Banepa,Nepal
Birgunj,Nepal
Butwal,Nepal
Bharatpur,Nepal
Waling,Nepal
Birganj,Nepal
Phidim,Nepal
Dharan,Nepal
Itahari,Nepal
Kunchha,Nepal
Avatele,Niue
Alofi,Niue
Mutalau,Niue
Tamahere,"New Zealand"
Haruru,"New Zealand"
Paraparaumu,"New Zealand"
Dacre,"New Zealand"
Rangataua,"New Zealand"
Opononi,"New Zealand"
Woodhill,"New Zealand"
Papanui,"New Zealand"
"Maori Point","New Zealand"
Rongotea,"New Zealand"
Papatawa,"New Zealand"
Crofton,"New Zealand"
Harihari,"New Zealand"
Pahi,"New Zealand"
"Franz Josef","New Zealand"
Warkworth,"New Zealand"
Makarewa,"New Zealand"
"Saint Andrews","New Zealand"
Opoutere,"New Zealand"
"Upper Takaka","New Zealand"
Manah,Oman
"Al `afifah",Oman
"Al Khuwayrah",Oman
Sihah,Oman
Salalah,Oman
Wudam,Oman
Firq,Oman
Muttrah,Oman
Sham,Oman
"Wadi Kabir",Oman
"As Sumayni",Oman
Murayjat,Oman
Mudaybi,Oman
Barka',Oman
"Abu Nukhayl",Oman
Darsait,Oman
"Misfah Al `ali",Oman
Ghallah,Oman
Ghubrah,Oman
Hail,Oman
"Los Ángeles",Panama
Palmira,Panama
"Santa Clara",Panama
"Vista Hermosa",Panama
Arraiján,Panama
"Chiguirí Arriba",Panama
"Puerto Armuelles",Panama
"La Loma",Panama
Boquerón,Panama
Paitilla,Panama
"La Villa",Panama
Guadalupe,Panama
"La Mitra",Panama
Valencia,Panama
"La Espigadilla",Panama
Cuba,Panama
Chitra,Panama
"Ciudad Radial",Panama
"El Limón",Panama
"Bella Vista",Panama
"La Tinguiña",Peru
Tarata,Peru
"El Agustino",Peru
Concepción,Peru
Ferreñafe,Peru
Ocutapampa,Peru
Sachaca,Peru
Ate,Peru
Carhuaz,Peru
Saposoa,Peru
Iscos,Peru
Yungay,Peru
Chanchamayo,Peru
"La Legua",Peru
Cartavio,Peru
Requena,Peru
Monterrico,Peru
Eten,Peru
Huamachuco,Peru
"Santiago De Chuco",Peru
Toahotu,"French Polynesia"
Vaitape,"French Polynesia"
Patio,"French Polynesia"
Teahupoo,"French Polynesia"
Afareaitu,"French Polynesia"
Tiarei,"French Polynesia"
Temae,"French Polynesia"
Maatea,"French Polynesia"
Papara,"French Polynesia"
Avatoru,"French Polynesia"
Omoa,"French Polynesia"
Faaa,"French Polynesia"
Vairao,"French Polynesia"
Arue,"French Polynesia"
Afaahiti,"French Polynesia"
Paea,"French Polynesia"
Paturoa,"French Polynesia"
Papeari,"French Polynesia"
Paopao,"French Polynesia"
Papetoai,"French Polynesia"
Alotau,"Papua New Guinea"
Vanimo,"Papua New Guinea"
Boroko,"Papua New Guinea"
Hagen,"Papua New Guinea"
Kavieng,"Papua New Guinea"
Hohola,"Papua New Guinea"
Mendi,"Papua New Guinea"
"Mount Hagen","Papua New Guinea"
Buka,"Papua New Guinea"
"Port Moresby","Papua New Guinea"
Rabaul,"Papua New Guinea"
Popondetta,"Papua New Guinea"
Kundiawa,"Papua New Guinea"
Bulolo,"Papua New Guinea"
Wabag,"Papua New Guinea"
Madang,"Papua New Guinea"
Korobosea,"Papua New Guinea"
Kokopo,"Papua New Guinea"
Wewak,"Papua New Guinea"
Kiunga,"Papua New Guinea"
Opol,Philippines
Tupas,Philippines
Buliran,Philippines
Asis,Philippines
Caibiran,Philippines
Carigara,Philippines
Dueñas,Philippines
Bao,Philippines
"Mataas Na Kahoy",Philippines
Victoria,Philippines
Sampaloc,Philippines
Cabahug,Philippines
Sicayab,Philippines
Punay,Philippines
"Legaspi City",Philippines
Taal,Philippines
Silangan,Philippines
Cordoba,Philippines
Kangleon,Philippines
Enrile,Philippines
Dharlala,Pakistan
Gulshan-e-iqbal,Pakistan
Lahor,Pakistan
Muridke,Pakistan
Wazirabad,Pakistan
"Jandiala Dhabwala",Pakistan
"Shahwali Ki Dhok",Pakistan
Gujrat,Pakistan
"Udero Lal",Pakistan
Kashmor,Pakistan
Hala,Pakistan
Shinkiari,Pakistan
Judhal,Pakistan
Kotri,Pakistan
"Mian Chhohra",Pakistan
"Ghulam Khel",Pakistan
Sodhra,Pakistan
Sarai,Pakistan
Garamthun,Pakistan
Gaggoo,Pakistan
Podglebokie,Poland
Imielkow,Poland
"Chmielen Wielki",Poland
Walenczów,Poland
Kaweczynek,Poland
Gumna,Poland
Dziurówka,Poland
Kartno,Poland
Ladzice,Poland
Margonin,Poland
Niznalaka,Poland
Wieniec,Poland
Lukawica,Poland
Biadacz,Poland
Chrostkowo,Poland
"Bojszowy Nowe",Poland
Czyzew-osada,Poland
"Drozyska Wielkie",Poland
"Stary Wegliniec",Poland
Kocudza,Poland
"Petit Barachois","Saint Pierre and Miquelon"
Miquelon,"Saint Pierre and Miquelon"
Saint-pierre,"Saint Pierre and Miquelon"
Adamstown,"Pitcairn Islands"
"Rio Blanco","Puerto Rico"
"Las Marias","Puerto Rico"
Comerio,"Puerto Rico"
Fajardo,"Puerto Rico"
Adjuntas,"Puerto Rico"
"San Juan","Puerto Rico"
Aguada,"Puerto Rico"
Ensenada,"Puerto Rico"
Guayanilla,"Puerto Rico"
Garrochales,"Puerto Rico"
Ceiba,"Puerto Rico"
Camuy,"Puerto Rico"
Luquillo,"Puerto Rico"
Culebra,"Puerto Rico"
"Vega Alta","Puerto Rico"
Humacao,"Puerto Rico"
"Vega Baja","Puerto Rico"
Florida,"Puerto Rico"
Arroyo,"Puerto Rico"
"San Antonio","Puerto Rico"
`atarot,"Palestinian Territory"
"Rahm Alla","Palestinian Territory"
"Khirbat Safah","Palestinian Territory"
Jericho,"Palestinian Territory"
Tubas,"Palestinian Territory"
Bil`in,"Palestinian Territory"
"Beit Hanina","Palestinian Territory"
"Bayt Safafa","Palestinian Territory"
Burbam,"Palestinian Territory"
Qalqilyah,"Palestinian Territory"
Nabulus,"Palestinian Territory"
"Al Judayrah","Palestinian Territory"
"Lubban Ash Sharqiyah","Palestinian Territory"
"Ash Shumaysani","Palestinian Territory"
Abasan,"Palestinian Territory"
"Ir David","Palestinian Territory"
Tulkarm,"Palestinian Territory"
"Al Haram","Palestinian Territory"
Nablus,"Palestinian Territory"
Ram,"Palestinian Territory"
Pala,Portugal
Chouto,Portugal
Vargos,Portugal
Reis,Portugal
"Vila Nova De Telha",Portugal
Alapraia,Portugal
"Santo António Das Areias",Portugal
Randam,Portugal
Galveias,Portugal
Coito,Portugal
Ribeiradio,Portugal
"Água Longa",Portugal
Amoreira,Portugal
Machada,Portugal
"Vila Flor",Portugal
Roque,Portugal
Milagres,Portugal
Carvoeira,Portugal
Facho,Portugal
Ébora,Portugal
Palau,Palau
Yuty,Paraguay
"Loma Grande",Paraguay
"Fernando De La Mora",Paraguay
Itauguá,Paraguay
Itá,Paraguay
"Loma Plata",Paraguay
Alberdi,Paraguay
Piribebuy,Paraguay
Guarambaré,Paraguay
Caazapá,Paraguay
"Mariano Roque Alonso",Paraguay
"Villa Elisa",Paraguay
Emboscada,Paraguay
Natalio,Paraguay
Altos,Paraguay
"Ciudad Del Este",Paraguay
"Capitán Meza",Paraguay
"Villa Hayes",Paraguay
"Coronel Bogado",Paraguay
"San Antonio",Paraguay
Wakra,Qatar
"Umm Ash Shubrum",Qatar
Raiyan,Qatar
"Umm Bab",Qatar
"Al Muntazah",Qatar
"An Nasraniyah",Qatar
Lusail,Qatar
Wakrah,Qatar
"Ad Dawhah",Qatar
"Rawdat Rashid",Qatar
"Al Wakrah",Qatar
Dukhan,Qatar
Ruwais,Qatar
"Al Rayyan",Qatar
"Al Markhiyah",Qatar
"Ar Rayyan",Qatar
"Al Wajba",Qatar
Khor,Qatar
Doha,Qatar
"Abu Hamur",Qatar
"Le Port",Reunion
"Cap Noir",Reunion
"Bois D'olive",Reunion
"Saint Gilles",Reunion
Bras-panon,Reunion
Sainte-clotilde,Reunion
Saint-denis,Reunion
Saint-philippe,Reunion
Avirons,Reunion
"Boucan Canot",Reunion
Éperon,Reunion
"Maison Moullan",Reunion
"Grande Chaloupe",Reunion
"Maison Henou",Reunion
Saint-bernard,Reunion
Montagne,Reunion
"Maison De L'enfance",Reunion
"Les Lianes",Reunion
Bois-rouge,Reunion
"Bois De Nèfles",Reunion
Sibiu,Romania
Bistritz,Romania
Deleni,Romania
Scarisoara,Romania
"Alexandru Vlahuta",Romania
Tibanesti,Romania
Bodesti,Romania
Band,Romania
Rieni,Romania
Chirileu,Romania
Vistea,Romania
Andronache,Romania
Balacesti,Romania
Ghelari,Romania
Cig,Romania
Salcia,Romania
"Slobozia Moara",Romania
Rotunda,Romania
Lipovat,Romania
Brazi,Romania
"Vucije Polje",Serbia
"Donje Medjurovo",Serbia
Stepanovicevo,Serbia
Balajinac,Serbia
Milosevac,Serbia
Razanj,Serbia
Begaljica,Serbia
Gracanica,Serbia
Sase,Serbia
Simanovci,Serbia
"Zenic Mahala",Serbia
Prigrevica,Serbia
Mandelos,Serbia
Gospodjinci,Serbia
"Rasicev Kraj",Serbia
Kolare,Serbia
Vlasotince,Serbia
Vlahovo,Serbia
Bras,Serbia
Goricani,Serbia
Tikhoretsk,"Russian Federation"
Perevolotskiy,"Russian Federation"
Aparinskiy,"Russian Federation"
Martemyanovo,"Russian Federation"
Kozino,"Russian Federation"
Zavolzhsk,"Russian Federation"
Sobolev,"Russian Federation"
Izberbash,"Russian Federation"
Tukhtubayevo,"Russian Federation"
Konakovo,"Russian Federation"
Skalistyy,"Russian Federation"
Tolmacheva,"Russian Federation"
Udobny,"Russian Federation"
Byakontovo,"Russian Federation"
Katav-ivanovsk,"Russian Federation"
Urengoy,"Russian Federation"
Aksai,"Russian Federation"
Arsk,"Russian Federation"
"Krasni Yar","Russian Federation"
Mogoytuy,"Russian Federation"
Kibagabaga,Rwanda
Nyanza,Rwanda
"Colline Tambwe",Rwanda
Kicukiro,Rwanda
Rwamagana,Rwanda
Nyamagabe,Rwanda
Nyarugenge,Rwanda
Butare,Rwanda
Byumba,Rwanda
Gisenyi,Rwanda
Kigali,Rwanda
Kibungo,Rwanda
"Mont Kigali",Rwanda
Huye,Rwanda
Ruhengeri,Rwanda
Gitarama,Rwanda
"Colline Jenda",Rwanda
Mugina,Rwanda
"Al Madinah Al Munawwarah","Saudi Arabia"
"Al Khobar","Saudi Arabia"
Jaddalah,"Saudi Arabia"
Rahman,"Saudi Arabia"
Jedda,"Saudi Arabia"
Maham,"Saudi Arabia"
Mekka,"Saudi Arabia"
Jazan,"Saudi Arabia"
Ghizlan,"Saudi Arabia"
Jiddah,"Saudi Arabia"
Khatib,"Saudi Arabia"
Jeddah,"Saudi Arabia"
Darin,"Saudi Arabia"
Rass,"Saudi Arabia"
Rahimah,"Saudi Arabia"
Rawdah,"Saudi Arabia"
Qasab,"Saudi Arabia"
"Ras At Tannura","Saudi Arabia"
"Badr Hunayn","Saudi Arabia"
Manifa,"Saudi Arabia"
Auki,"Solomon Islands"
Gizo,"Solomon Islands"
Noro,"Solomon Islands"
Honiara,"Solomon Islands"
"Anse Royale",Seychelles
"Bel Ombre",Seychelles
"Beau Vallon",Seychelles
"La Misere",Seychelles
Mahé,Seychelles
Victoria,Seychelles
Takamaka,Seychelles
Khartoun,Sudan
Rumbek,Sudan
Raja,Sudan
Khartoum,Sudan
Bentiu,Sudan
Thabit,Sudan
"Kab El Gidad",Sudan
Juba,Sudan
"Khartoum North",Sudan
Malakal,Sudan
Kurmuk,Sudan
"Umm Durman",Sudan
Aweil,Sudan
"Sudayrah Al Warraniyah",Sudan
Mabil,Sudan
Kasala,Sudan
Abyei,Sudan
"Sheikh Habibullah",Sudan
Omdurman,Sudan
"Port Sudan",Sudan
Grönkullen,Sweden
Kramfors,Sweden
Älgafall,Sweden
Ersta,Sweden
Näsmark,Sweden
Mörlunda,Sweden
Klagstorp,Sweden
Borgen,Sweden
Barkaryd,Sweden
Kålsered,Sweden
Gräskärr,Sweden
Hjåggsjö,Sweden
Hvitträsk,Sweden
Leknäs,Sweden
Ekliden,Sweden
Sjisjka,Sweden
Vitvattnet,Sweden
Enebybergs,Sweden
Kasteberg,Sweden
Fanbybodarna,Sweden
"Paya Lebar",Singapore
"Seletar Hills Estate",Singapore
Bedok,Singapore
"Rebecca Park",Singapore
Holland,Singapore
"Tampines Estate",Singapore
"Medway Park",Singapore
"Bukit Panjang New Town",Singapore
"Woodlands New Town",Singapore
"Matilda Estate",Singapore
"Kampong Sireh",Singapore
"Tampines New Town",Singapore
"Mandai Road Village",Singapore
"Bedok Garden",Singapore
"Kaki Bukit Estate",Singapore
Clementi,Singapore
"Yio Chu Kang",Singapore
"Lim Chu Kang",Singapore
"Bedok Village",Singapore
"Jurong Village",Singapore
Edinburgh,"Saint Helena"
Jamestown,"Saint Helena"
"Gradisce Pri Lukovici",Slovenia
"Tosko Celo",Slovenia
Kamnica,Slovenia
Levpa,Slovenia
Pisece,Slovenia
Bajgot,Slovenia
Podgorje,Slovenia
Podlom,Slovenia
"Selo Nad Laskim",Slovenia
Grad,Slovenia
Salilog,Slovenia
Kopriva,Slovenia
Vizmarje,Slovenia
Velenje,Slovenia
Lase,Slovenia
Miklavz,Slovenia
"Malo Ubelisko",Slovenia
Visnje,Slovenia
Voklo,Slovenia
Store,Slovenia
Longyearbyen,"Svalbard and Jan Mayen"
Rapovce,Slovakia
Kis-borsa,Slovakia
"Nizny Klatov",Slovakia
Ó-gutapuszta,Slovakia
"Petrova Lehota",Slovakia
Dubnicka,Slovakia
Malinovo,Slovakia
Jahodná,Slovakia
"Dvor Na Ostrove",Slovakia
Brodno,Slovakia
Kace,Slovakia
Ratkovo,Slovakia
Salgovce,Slovakia
Raksa,Slovakia
"Celkova Lehota",Slovakia
Klukania,Slovakia
"Malé Dvorany",Slovakia
Papradno,Slovakia
Opoj,Slovakia
Celovce,Slovakia
Makeni,"Sierra Leone"
Bo,"Sierra Leone"
Gondama,"Sierra Leone"
Freetown,"Sierra Leone"
Bumbuna,"Sierra Leone"
Lungi,"Sierra Leone"
Kenema,"Sierra Leone"
Chiesanuova,"San Marino"
Falciano,"San Marino"
"San Marino Città","San Marino"
Acquaviva,"San Marino"
Serravalle,"San Marino"
Mékhé,Senegal
Tivaouane,Senegal
Podor,Senegal
"Richard Toll",Senegal
"Keur Koumba",Senegal
Diambalo,Senegal
Sali,Senegal
Pout,Senegal
Cambérène,Senegal
Dakar,Senegal
Ngaparou,Senegal
Kaniak,Senegal
Tambacounda,Senegal
Diokoul,Senegal
Kédougou,Senegal
Sokone,Senegal
Médina,Senegal
"Dèni Demba Kodou",Senegal
Fimela,Senegal
Sédhiou,Senegal
Burco,Somalia
Borama,Somalia
Bosaso,Somalia
Muqdisho,Somalia
Bohol,Somalia
Burao,Somalia
Hargeysa,Somalia
Mogadishu,Somalia
Garoe,Somalia
Xamar,Somalia
Hargeisa,Somalia
Garowe,Somalia
Mogadiisho,Somalia
"Nieuw Nickerie",Suriname
Paramaribo,Suriname
Onverwacht,Suriname
Lelydorp,Suriname
Flora,Suriname
"Carl François",Suriname
Nickerie,Suriname
Friendship,Suriname
Meerzorg,Suriname
"Zorg En Hoop",Suriname
Trindade,"Sao Tome and Principe"
"São Tomé","Sao Tome and Principe"
Neves,"Sao Tome and Principe"
Opico,"El Salvador"
"Colonia Milagro De La Paz","El Salvador"
Zaragoza,"El Salvador"
"La Palma","El Salvador"
Comalapa,"El Salvador"
"Loma Chata","El Salvador"
"Las Marías","El Salvador"
"Santa Adela","El Salvador"
"Santa Maria","El Salvador"
Chinameca,"El Salvador"
"San Isidro","El Salvador"
"San Pedro Perulapán","El Salvador"
"Las Flores","El Salvador"
Mejicanos,"El Salvador"
"San Vicente","El Salvador"
"San Jacinto","El Salvador"
Granada,"El Salvador"
Gigante,"El Salvador"
"La Libertad","El Salvador"
"San Ramón","El Salvador"
"Cole Bay","Sint Maarten (Dutch part)"
Reward,"Sint Maarten (Dutch part)"
Philipsburg,"Sint Maarten (Dutch part)"
"St. Peters","Sint Maarten (Dutch part)"
Tartus,"Syrian Arab Republic"
Safita,"Syrian Arab Republic"
Harasta,"Syrian Arab Republic"
Sarâqeb,"Syrian Arab Republic"
"Al Masna`","Syrian Arab Republic"
Sweida,"Syrian Arab Republic"
Alep,"Syrian Arab Republic"
Palmyra,"Syrian Arab Republic"
"Habaa Ett Taïyeb","Syrian Arab Republic"
Hims,"Syrian Arab Republic"
Damasrakho,"Syrian Arab Republic"
Adra,"Syrian Arab Republic"
"Rasm Hamdawi","Syrian Arab Republic"
Dâra,"Syrian Arab Republic"
Idlib,"Syrian Arab Republic"
"Al Ladhiqiyah","Syrian Arab Republic"
Tartoûs,"Syrian Arab Republic"
Yabroûd,"Syrian Arab Republic"
Sahnaya,"Syrian Arab Republic"
Houraïré,"Syrian Arab Republic"
Manzini,Swaziland
Ezulwini,Swaziland
Matsapa,Swaziland
Malkerns,Swaziland
Luyengo,Swaziland
Bulembu,Swaziland
Lobamba,Swaziland
Nhlangano,Swaziland
Siteki,Swaziland
Matsapha,Swaziland
"Big Bend",Swaziland
Mhlume,Swaziland
"Piggs Peak",Swaziland
Bhunya,Swaziland
Tshaneni,Swaziland
Mbabane,Swaziland
Mhlambanyatsi,Swaziland
Kwaluseni,Swaziland
Mankayane,Swaziland
Hlatikulu,Swaziland
"Grand Turk","Turks and Caicos Islands"
Lorimers,"Turks and Caicos Islands"
"Back Salina","Turks and Caicos Islands"
"Cockburn Town","Turks and Caicos Islands"
"Cockburn Harbour","Turks and Caicos Islands"
"West Road","Turks and Caicos Islands"
"The Bight","Turks and Caicos Islands"
"Blue Hills","Turks and Caicos Islands"
Whitby,"Turks and Caicos Islands"
Komé,Chad
Moundou,Chad
Pala,Chad
Mongo,Chad
Sahr,Chad
Ngoura,Chad
Djaména,Chad
N'djamena,Chad
Abéché,Chad
Massaguet,Chad
Port-aux-français,"French Southern Territories"
Tabligbo,Togo
Kara,Togo
Togoville,Togo
Alakopé,Togo
Pya,Togo
Kpalimé,Togo
Lomé,Togo
"Maha Chana Chai",Thailand
Prachuab,Thailand
"Ban Na Ngai",Thailand
"Amphoe Akat Amnuai",Thailand
"Nong Bua Daeng",Thailand
Loei,Thailand
"Nong Khai",Thailand
"Loeng Nok Tha",Thailand
"Ban Pratunam Tha Khai",Thailand
Buntharik,Thailand
"Wihan Daeng",Thailand
Kranuan,Thailand
"Nakorn Rajsima",Thailand
"Khlong Toei",Thailand
"Lak Si",Thailand
"Bueng Kum",Thailand
Ubon,Thailand
"Ban Tha Bo",Thailand
"Ban Thung Mamuang",Thailand
"Muang Phichit",Thailand
Isfara,Tajikistan
Khujand,Tajikistan
Hodjent,Tajikistan
Gissar,Tajikistan
Dushambe,Tajikistan
Tursunzade,Tajikistan
Regar,Tajikistan
Ispechak,Tajikistan
Yovon,Tajikistan
Dusti,Tajikistan
Lenin,Tajikistan
Khorog,Tajikistan
Gafurov,Tajikistan
Kulob,Tajikistan
Panjakent,Tajikistan
Nurek,Tajikistan
Konibodom,Tajikistan
Shahrinav,Tajikistan
Kurgan-tyube,Tajikistan
Dangara,Tajikistan
Darganata,Turkmenistan
Asgabat,Turkmenistan
Ashkhabad,Turkmenistan
Mary,Turkmenistan
Ashgabat,Turkmenistan
Türkmenbashy,Turkmenistan
Tawzar,Tunisia
"El Kef",Tunisia
Menzel,Tunisia
Khenis,Tunisia
Haffouz,Tunisia
Ouardanine,Tunisia
Soukra,Tunisia
"Ras Djebel",Tunisia
Taraf,Tunisia
"Ahmed Zid",Tunisia
Haïdra,Tunisia
Mégrine,Tunisia
Fernana,Tunisia
Tuzah,Tunisia
"Ra's Al Jabal",Tunisia
"Beni Khiar",Tunisia
Seftimi,Tunisia
"Douar El Hadj Ayas",Tunisia
Turki,Tunisia
Soussa,Tunisia
Niukalofa,Tonga
Nukalofa,Tonga
Neiafu,Tonga
Haveluloto,Tonga
Kanokupolu,Tonga
Tofoa,Tonga
Hihifo,Tonga
Tanriverdi,Turkey
Doganay,Turkey
Buyukcavuslu,Turkey
Bestepe,Turkey
Dere,Turkey
Karaabalak,Turkey
Altindag,Turkey
Batman,Turkey
Yesilyurt,Turkey
Saraçköy,Turkey
Kizilay,Turkey
Pasakoy,Turkey
Barbaros,Turkey
Ceyhan,Turkey
Harput,Turkey
Akdemir,Turkey
Dayanikli,Turkey
Inci,Turkey
Zihni,Turkey
Sifir,Turkey
"Todds Road","Trinidad and Tobago"
Cunapo,"Trinidad and Tobago"
Peñal,"Trinidad and Tobago"
Mucurapo,"Trinidad and Tobago"
"Iere Village","Trinidad and Tobago"
"Pepper Village","Trinidad and Tobago"
Avocat,"Trinidad and Tobago"
"El Dorado","Trinidad and Tobago"
Guayaguayare,"Trinidad and Tobago"
"Saint James","Trinidad and Tobago"
Chase,"Trinidad and Tobago"
Laventille,"Trinidad and Tobago"
"San Juan","Trinidad and Tobago"
Biche,"Trinidad and Tobago"
Fillette,"Trinidad and Tobago"
Curepe,"Trinidad and Tobago"
Spring,"Trinidad and Tobago"
"Fyzabad Village","Trinidad and Tobago"
"La Pastora","Trinidad and Tobago"
Bethel,"Trinidad and Tobago"
Funafuti,Tuvalu
Kinmen,Taiwan
Luchu,Taiwan
Puli,Taiwan
Kuankao,Taiwan
Pengwu,Taiwan
Anliao,Taiwan
Shihwenhsi,Taiwan
Hualienhsien,Taiwan
Taoyehchuang,Taiwan
Huatan,Taiwan
Lungtan,Taiwan
Wutai,Taiwan
Chunghu,Taiwan
Touliao,Taiwan
Tayü,Taiwan
Luchou,Taiwan
Tungchihsü,Taiwan
Fangting,Taiwan
Peitou,Taiwan
Taichungshih,Taiwan
Liuli,Tanzani
Lushoto,Tanzani
Kigoma,Tanzani
Arusha,Tanzani
Bagamoyo,Tanzani
Masoko,Tanzani
Masaki,Tanzani
"Dar Es Salaam",Tanzani
Mzizima,Tanzani
Kahama,Tanzani
Manda,Tanzani
Mtwara,Tanzani
Njombe,Tanzani
Tarime,Tanzani
Itungi,Tanzani
Korogwe,Tanzani
Unguja,Tanzani
Dodoma,Tanzani
Geita,Tanzani
Kasanga,Tanzani
Usatove,Ukraine
Klishkivtsi,Ukraine
Chopovichi,Ukraine
Zvenigorodka,Ukraine
Poturzyca,Ukraine
Selidovo,Ukraine
Broshnev,Ukraine
Shepetivka,Ukraine
Tulchin,Ukraine
Molochansk,Ukraine
Chernigovka,Ukraine
Novoaleksandrovka,Ukraine
Zarya,Ukraine
Stat,Ukraine
Balakliya,Ukraine
Lagodiv,Ukraine
Zhytomyr,Ukraine
Bogdan,Ukraine
Zheleznodorozhnoye,Ukraine
Butovka,Ukraine
Kawempe,Uganda
Mengo,Uganda
Namasuba,Uganda
Makerere,Uganda
Moroto,Uganda
Masaka,Uganda
Kalangala,Uganda
Mbarara,Uganda
Wobulenzi,Uganda
Wakiso,Uganda
Kotido,Uganda
Mukono,Uganda
Kitgum,Uganda
Tororo,Uganda
Kapala,Uganda
Bombo,Uganda
Lira,Uganda
Kireka,Uganda
Kyebando,Uganda
Kampala,Uganda
Breedsville,"United States Of America"
"Scotts Hill","United States Of America"
Melita,"United States Of America"
Defiance,"United States Of America"
Unionville,"United States Of America"
"Tunnel Hill","United States Of America"
Bellvue,"United States Of America"
"Klamath Falls","United States Of America"
"Shrub Oak","United States Of America"
Nesbit,"United States Of America"
Divine,"United States Of America"
Hungerford,"United States Of America"
"Shirley Mills","United States Of America"
Nash,"United States Of America"
Romeo,"United States Of America"
Hyner,"United States Of America"
Motor,"United States Of America"
Crownpoint,"United States Of America"
"South Glastonbury","United States Of America"
Waccabuc,"United States Of America"
"Cerro Batoví",Uruguay
Mendoza,Uruguay
"Santa Lucía",Uruguay
"La Barra",Uruguay
"San Gregorio De Polanco",Uruguay
"Ecilda Paullier",Uruguay
"Las Flores",Uruguay
"Punta Carretas",Uruguay
"Joaquín Suárez",Uruguay
"Fraile Muerto",Uruguay
Dolores,Uruguay
Carmelo,Uruguay
"San José De Mayo",Uruguay
"Batlle Y Ordoñez",Uruguay
Solís,Uruguay
"Aguas Corrientes",Uruguay
Libertad,Uruguay
"Colonia Valdense",Uruguay
"Paso De Carrasco",Uruguay
"Gregorio Aznárez",Uruguay
Termiz,Uzbekistan
Taskent,Uzbekistan
Karshi,Uzbekistan
Karmana,Uzbekistan
Gayrat,Uzbekistan
Angren,Uzbekistan
Pskent,Uzbekistan
Chilanzar,Uzbekistan
Nishan,Uzbekistan
Katartal,Uzbekistan
Kibray,Uzbekistan
Krasnogorskiy,Uzbekistan
Kosonsoy,Uzbekistan
Chirchik,Uzbekistan
Samarqand,Uzbekistan
Muynak,Uzbekistan
Gazalkent,Uzbekistan
Qarshi,Uzbekistan
Karakalpak,Uzbekistan
Navoiy,Uzbekistan
Barroualie,"Saint Vincent and the Grenadines"
"New Sandy Bay Village","Saint Vincent and the Grenadines"
"North Union","Saint Vincent and the Grenadines"
Kingstown,"Saint Vincent and the Grenadines"
Mesopotamia,"Saint Vincent and the Grenadines"
Pembroke,"Saint Vincent and the Grenadines"
Union,"Saint Vincent and the Grenadines"
Chapmans,"Saint Vincent and the Grenadines"
Belmont,"Saint Vincent and the Grenadines"
Clifton,"Saint Vincent and the Grenadines"
Mesopatamia,"Saint Vincent and the Grenadines"
Vermont,"Saint Vincent and the Grenadines"
Troumaka,"Saint Vincent and the Grenadines"
"Kingstown Park","Saint Vincent and the Grenadines"
"Camden Park","Saint Vincent and the Grenadines"
Montrose,"Saint Vincent and the Grenadines"
Bequia,"Saint Vincent and the Grenadines"
Georgetown,"Saint Vincent and the Grenadines"
"Arnos Vale","Saint Vincent and the Grenadines"
"South Rivers","Saint Vincent and the Grenadines"
"El Carmelo",Venezuela
Curumo,Venezuela
Petare,Venezuela
"Corral Viejo",Venezuela
Carora,Venezuela
Carabobo,Venezuela
Yagua,Venezuela
Angostura,Venezuela
"El Playón",Venezuela
"Los Rastrojones",Venezuela
Conoma,Venezuela
Caraballeda,Venezuela
Cúa,Venezuela
Lagunillas,Venezuela
"San Juan De Colón",Venezuela
"La Pega",Venezuela
Serrano,Venezuela
"San Joaquín",Venezuela
"Las Mercedes",Venezuela
"La Fría",Venezuela
"Little Harbour","Virgin Island"
"Cane Garden Bay","Virgin Island"
"The Settlement","Virgin Island"
"Belle Vue","Virgin Island"
Kingstown,"Virgin Island"
"Road Town","Virgin Island"
"Spanish Town","Virgin Island"
Frederiksted,"Virgin Island"
Christiansted,"Virgin Island"
Kingshill,"Virgin Island"
"St John","Virgin Island"
"St Thomas","Virgin Island"
"Thi Nguyen",Vietnam
"Lac Sanh",Vietnam
"An Thài",Vietnam
"Long Thành",Vietnam
"Phuong Lien",Vietnam
"Thi Xá",Vietnam
"Cu Chi",Vietnam
"Mai Son",Vietnam
"Xuan Son",Vietnam
"Thuong Binh",Vietnam
"Cai Lay",Vietnam
"Cho Lach",Vietnam
"Bình An",Vietnam
"Phù Cát",Vietnam
"Soc Trang",Vietnam
"Linh Xúân",Vietnam
Turan,Vietnam
"Luc Nam",Vietnam
"Cau Dinh",Vietnam
"Van Tai",Vietnam
Luganville,Vanuatu
Port-vila,Vanuatu
Mele,Vanuatu
Centre,Vanuatu
Vila,Vanuatu
Malae,"Wallis and Futuna"
Ahoa,"Wallis and Futuna"
Leava,"Wallis and Futuna"
Falaleu,"Wallis and Futuna"
Velé,"Wallis and Futuna"
Kolopopo,"Wallis and Futuna"
Sigavé,"Wallis and Futuna"
Teesi,"Wallis and Futuna"
Mua,"Wallis and Futuna"
Vaitupu,"Wallis and Futuna"
Alele,"Wallis and Futuna"
Utuloa,"Wallis and Futuna"
Kolia,"Wallis and Futuna"
Matâ'utu,"Wallis and Futuna"
Alo,"Wallis and Futuna"
Utufua,"Wallis and Futuna"
Vailala,"Wallis and Futuna"
Apia,Samoa
Sapulu,Samoa
Samea,Samoa
Safotulafai,Samoa
Siusega,Samoa
Faleatiu,Samoa
Leusoalii,Samoa
Aufaga,Samoa
Sayyan,Yemen
Tarim,Yemen
Hadrami,Yemen
San'ah,Yemen
Hodaidah,Yemen
"Bayt Baws",Yemen
Saywun,Yemen
Sanaa,Yemen
"Little Aden",Yemen
"Ar Rawdah",Yemen
"Bayt Mahfad",Yemen
Sana,Yemen
Hodeida,Yemen
"Al Hudaydah",Yemen
Lahij,Yemen
Ibb,Yemen
"Ad Dabi",Yemen
"Rayshan Bani Matar",Yemen
Taiz,Yemen
Dhamar,Yemen
Ouangani,Mayotte
Bouéni,Mayotte
"Majikavo Lamir",Mayotte
Miréréni,Mayotte
Coconi,Mayotte
Dzoumogne,Mayotte
Bandrélé,Mayotte
M'tsangamouji,Mayotte
Mtsahara,Mayotte
Labattoir,Mayotte
Pamandzi,Mayotte
Hamjago,Mayotte
Chirongui,Mayotte
Tsingoni,Mayotte
Combani,Mayotte
Bandraboua,Mayotte
Acoua,Mayotte
Mamoudzou,Mayotte
Sada,Mayotte
Chiconi,Mayotte
Hoogland,"South Africa"
Badplaas,"South Africa"
Rooihuiskraal,"South Africa"
Ramsgate,"South Africa"
Riebeek-wes,"South Africa"
Rocklands,"South Africa"
Bonnievale,"South Africa"
Jabavu,"South Africa"
Montgomery,"South Africa"
Jacobsdal,"South Africa"
Vredendal,"South Africa"
"Chase Valley","South Africa"
Eden,"South Africa"
Ulundi,"South Africa"
"Sea Point","South Africa"
Umtentweni,"South Africa"
Berlin,"South Africa"
Mbazwana,"South Africa"
Putfontein,"South Africa"
Malvern,"South Africa"
Serenji,Zambia
Kabalakata,Zambia
Choma,Zambia
Mwanza,Zambia
Mazabuka,Zambia
Fisenge,Zambia
Woodlands,Zambia
"Kitwe Nkana",Zambia
Kabulonga,Zambia
Mpika,Zambia
Chisamba,Zambia
Mongu,Zambia
Kalengwa,Zambia
Chimoto,Zambia
Kabwe,Zambia
Mansa,Zambia
Mufulira,Zambia
Kalulushi,Zambia
Mkushi,Zambia
Garneton,Zambia
Gwanda,Zimbabwe
Glendale,Zimbabwe
Triangle,Zimbabwe
Chitungwiza,Zimbabwe
Ruwa,Zimbabwe
Marondera,Zimbabwe
Bindura,Zimbabwe
"Milton Park",Zimbabwe
Masvingo,Zimbabwe
Kashambi,Zimbabwe
Nyamapanda,Zimbabwe
Gokwe,Zimbabwe
Concession,Zimbabwe
Mutare,Zimbabwe
"Mount Pleasant",Zimbabwe
"Mainway Meadows",Zimbabwe
Homefield,Zimbabwe
Harari,Zimbabwe
"Victoria Falls",Zimbabwe
Mabelreign,Zimbabwe
